IP,Hostname,Port,Port Protocol,CVSS,Severity,QoD,Solution Type,NVT Name,Summary,Specific Result,NVT OID,CVEs,Task ID,Task Name,Timestamp,Result ID,Impact,Solution,Affected Software/OS,Vulnerability Insight,Vulnerability Detection Method,Product Detection Result,BIDs,CERTs,Other References
172.20.0.5,,80,tcp,0.0,Log,70,"","Allowed HTTP Methods Enumeration","Enumerates which HTTP methods are allowed.","The following list contains the URLs and corresponding supported HTTP methods.

URL                | HTTP Methods
---------------------------------
http://172.20.0.5/ | GET,HEAD
",1.3.6.1.4.1.25623.1.0.153974,"",f17ad8c4-2e80-4091-a93d-0e8f7a384588,"SI084-S03 Escaneo audit_net v2 (Full and fast, Consider Alive)",2026-09-03T01:59:16Z,3e469f16-44ab-4670-8825-991616d77340,"","","","'- Basic HTTP methods: GET, HEAD, POST, PUT, DELETE, CONNECT,
  OPTIONS, TRACE

  - Extended HTTP methods: ACL, BASELINE-CONTROL, BIND, CHECKIN, CHECKOUT, COPY, LABEL, LINK, LOCK,
  MERGE, MKACTIVITY, MKCALENDAR, MKCOL, MKREDIRECTREF, MKWORKSPACE, MOVE, ORDERPATCH, PATCH, PRI,
  PROPFIND, PROPPATCH, REBIND, REPORT, SEARCH, UNBIND, UNCHECKOUT, UNLINK, UNLOCK, UPDATE,
  UPDATEREDIRECTREF, VERSION-CONTROL","Sends multiple HTTP requests and checks the responses.

  Disclaimer:

  - This enumeration script is provided 'as is' (means no support is given) and only providing
  rudimentary information about the possible enabled methods

  - This script doesn't guarantee completeness or full reliability

  For more reliable determination of the enabled HTTP methods please inspect the configuration of
  the web server manually and directly on the target host.
Details:
Allowed HTTP Methods Enumeration
(OID: 1.3.6.1.4.1.25623.1.0.153974)
Version used: 2025-02-28T05:38:49Z
","","","",""
172.20.0.3,,3000,tcp,0.0,Log,70,"","Allowed HTTP Methods Enumeration","Enumerates which HTTP methods are allowed.","The following list contains the URLs and corresponding supported HTTP methods.

URL                     | HTTP Methods
----------------------------------------------------------------
http://172.20.0.3:3000/ | GET,HEAD,POST,PUT,DELETE,OPTIONS,TRACE
",1.3.6.1.4.1.25623.1.0.153974,"",f17ad8c4-2e80-4091-a93d-0e8f7a384588,"SI084-S03 Escaneo audit_net v2 (Full and fast, Consider Alive)",2026-09-03T01:59:16Z,411c4adb-60f9-44ae-9b09-704211da0579,"","","","'- Basic HTTP methods: GET, HEAD, POST, PUT, DELETE, CONNECT,
  OPTIONS, TRACE

  - Extended HTTP methods: ACL, BASELINE-CONTROL, BIND, CHECKIN, CHECKOUT, COPY, LABEL, LINK, LOCK,
  MERGE, MKACTIVITY, MKCALENDAR, MKCOL, MKREDIRECTREF, MKWORKSPACE, MOVE, ORDERPATCH, PATCH, PRI,
  PROPFIND, PROPPATCH, REBIND, REPORT, SEARCH, UNBIND, UNCHECKOUT, UNLINK, UNLOCK, UPDATE,
  UPDATEREDIRECTREF, VERSION-CONTROL","Sends multiple HTTP requests and checks the responses.

  Disclaimer:

  - This enumeration script is provided 'as is' (means no support is given) and only providing
  rudimentary information about the possible enabled methods

  - This script doesn't guarantee completeness or full reliability

  For more reliable determination of the enabled HTTP methods please inspect the configuration of
  the web server manually and directly on the target host.
Details:
Allowed HTTP Methods Enumeration
(OID: 1.3.6.1.4.1.25623.1.0.153974)
Version used: 2025-02-28T05:38:49Z
","","","",""
172.20.0.2,,80,tcp,7.5,High,30,"VendorFix","Apache HTTP Server HTTP/2 connection DoS Vulnerability","Apache HTTP Server is prone to a denial of service (DoS) vulnerability.","Installed version: 2.4.25
Fixed version:     2.4.34
Installation
path / port:       80/tcp

",1.3.6.1.4.1.25623.1.0.813812,"",f17ad8c4-2e80-4091-a93d-0e8f7a384588,"SI084-S03 Escaneo audit_net v2 (Full and fast, Consider Alive)",2026-09-03T01:59:16Z,b630545a-a9ef-4cbf-8671-d6fe68225bae,"Successful exploitation will allow remote
  attackers to cause a denial of service (DoS) condition on a targeted system.","Update to Apache HTTP Server 2.4.34 or
  later. Please see the references for more information.","Apache HTTP Server versions 2.4.18 through
  2.4.30 and 2.4.33.","The flaw is due to an error in the handling
  of specially crafted HTTP/2 requests.","Checks if a vulnerable version is present on the target host.
Details:
Apache HTTP Server 'HTTP/2 connection' DoS Vulnerability
(OID: 1.3.6.1.4.1.25623.1.0.813812)
Version used: 2023-10-27T16:11:32Z
","Product: cpe:/a:apache:http_server:2.4.25
Method: Apache HTTP Server Detection Consolidation
(OID: 1.3.6.1.4.1.25623.1.0.117232)
","","DFN-CERT-2019-0359,DFN-CERT-2019-0351,DFN-CERT-2018-2316,DFN-CERT-2018-2011,DFN-CERT-2018-1642,DFN-CERT-2018-1412,CB-K18/0805",""
172.20.0.2,,80,tcp,7.5,High,30,"VendorFix","Apache HTTP Server mod_http2 null pointer dereference DoS Vulnerability - Linux","Apache HTTP Server is prone to a denial of service (DoS) vulnerability.","Installed version: 2.4.25
Fixed version:     2.4.26
Installation
path / port:       80/tcp

",1.3.6.1.4.1.25623.1.0.811218,"",f17ad8c4-2e80-4091-a93d-0e8f7a384588,"SI084-S03 Escaneo audit_net v2 (Full and fast, Consider Alive)",2026-09-03T01:59:16Z,5483d919-cadc-499f-85e3-0a3470e1184b,"Successful exploitation will allow remote
  attackers to cause a denial-of-service condition.","Update to Apache HTTP Server 2.4.26 or
  later.","Apache HTTP Server version 2.4.25.","The flaw exists as a maliciously constructed
  HTTP/2 request could cause mod_http2 to dereference a NULL pointer and crash
  the server process.","Checks if a vulnerable version is present on the target host.
Details:
Apache HTTP Server 'mod_http2' null pointer dereference DoS Vulnerability - ...
(OID: 1.3.6.1.4.1.25623.1.0.811218)
Version used: 2024-02-15T05:05:40Z
","Product: cpe:/a:apache:http_server:2.4.25
Method: Apache HTTP Server Detection Consolidation
(OID: 1.3.6.1.4.1.25623.1.0.117232)
","","DFN-CERT-2019-0358,DFN-CERT-2018-0206,DFN-CERT-2017-1925,DFN-CERT-2017-1692,DFN-CERT-2017-1443,DFN-CERT-2017-1058,WID-SEC-2025-0370,CB-K18/0187,CB-K17/1854,CB-K17/1622,CB-K17/1382,CB-K17/1023",""
172.20.0.2,,80,tcp,6.1,Medium,30,"VendorFix","Apache HTTP Server 2.4.0 - 2.4.40 Multiple Vulnerabilities - Linux","Apache HTTP Server is prone to multiple vulnerabilities.","Installed version: 2.4.25
Fixed version:     2.4.41
Installation
path / port:       80/tcp

",1.3.6.1.4.1.25623.1.0.114143,"",f17ad8c4-2e80-4091-a93d-0e8f7a384588,"SI084-S03 Escaneo audit_net v2 (Full and fast, Consider Alive)",2026-09-03T01:59:16Z,eebe6936-8a88-4ba8-b5aa-b51ddc152a3c,"","Update to version 2.4.41 or later.","Apache HTTP Server version 2.4.0 to 2.4.40.","Apache HTTP server is prone to multiple vulnerabilities:

  - A limited cross-site scripting issue affecting the mod_proxy error page. An attacker
  could cause the link on the error page to be malformed and instead point to a page of
  their choice. This would be exploitable where a server was set up with proxying enabled
  but was misconfigured in such a way that the Proxy Error page was displayed. (CVE-2019-10092)

  - Redirects configured with mod_rewrite that were intended to be self referential
  might be fooled by encoded newlines and redirect instead to an unexpected URL within
  the request URL. (CVE-2019-10098)","Checks if a vulnerable version is present on the target host.
Details:
Apache HTTP Server 2.4.0 - 2.4.40 Multiple Vulnerabilities - Linux
(OID: 1.3.6.1.4.1.25623.1.0.114143)
Version used: 2024-02-15T05:05:40Z
","Product: cpe:/a:apache:http_server:2.4.25
Method: Apache HTTP Server Detection Consolidation
(OID: 1.3.6.1.4.1.25623.1.0.117232)
","","DFN-CERT-2021-1333,DFN-CERT-2021-0540,DFN-CERT-2020-2422,DFN-CERT-2020-2133,DFN-CERT-2020-1124,DFN-CERT-2020-0716,DFN-CERT-2020-0090,DFN-CERT-2019-2592,DFN-CERT-2019-2169,DFN-CERT-2019-1961,DFN-CERT-2019-1810,DFN-CERT-2019-1797,DFN-CERT-2019-1751,WID-SEC-2024-1591,CB-K20/1030,CB-K20/0708,CB-K20/0043,CB-K19/0909,CB-K19/0728",""
172.20.0.2,,80,tcp,6.1,Medium,30,"VendorFix","Apache HTTP Server 2.4.0 < 2.4.42 Multiple Vulnerabilities - Linux","Apache HTTP Server is prone to multiple vulnerabilities.","Installed version: 2.4.25
Fixed version:     2.4.42
Installation
path / port:       80/tcp

",1.3.6.1.4.1.25623.1.0.143671,"",f17ad8c4-2e80-4091-a93d-0e8f7a384588,"SI084-S03 Escaneo audit_net v2 (Full and fast, Consider Alive)",2026-09-03T01:59:16Z,592a66e0-cac1-4633-bd71-71235cfa1b68,"","Update to version 2.4.42 or later.","Apache HTTP Server version 2.4.0 to 2.4.41.","Apache HTTP Server is prone to multiple vulnerabilities:

  - mod_rewrite CWE-601 open redirect (CVE-2020-1927)

  - mod_proxy_ftp use of uninitialized value (CVE-2020-1934)","Checks if a vulnerable version is present on the target host.
Details:
Apache HTTP Server 2.4.0 < 2.4.42 Multiple Vulnerabilities - Linux
(OID: 1.3.6.1.4.1.25623.1.0.143671)
Version used: 2024-02-15T05:05:40Z
","Product: cpe:/a:apache:http_server:2.4.25
Method: Apache HTTP Server Detection Consolidation
(OID: 1.3.6.1.4.1.25623.1.0.117232)
","","DFN-CERT-2022-1610,DFN-CERT-2022-0074,DFN-CERT-2021-1467,DFN-CERT-2020-2422,DFN-CERT-2020-2133,DFN-CERT-2020-1854,DFN-CERT-2020-1793,DFN-CERT-2020-1538,DFN-CERT-2020-1335,DFN-CERT-2020-1289,DFN-CERT-2020-1124,DFN-CERT-2020-0850,DFN-CERT-2020-0835,DFN-CERT-2020-0688,WID-SEC-2024-1591,WID-SEC-2023-0063,WID-SEC-2022-0757,CB-K20/1030,CB-K20/0708,CB-K20/0691,CB-K20/0280",""
172.20.0.2,,80,tcp,5.9,Medium,30,"VendorFix","Apache HTTP Server 2.4.17 - 2.4.57 DoS Vulnerability - Linux","Apache HTTP Server is prone to a denial of service (DoS)
  vulnerability.","Installed version: 2.4.25
Fixed version:     2.4.58
Installation
path / port:       80/tcp

",1.3.6.1.4.1.25623.1.0.100310,"",f17ad8c4-2e80-4091-a93d-0e8f7a384588,"SI084-S03 Escaneo audit_net v2 (Full and fast, Consider Alive)",2026-09-03T01:59:16Z,d2db026f-a1e6-4dd3-93f3-3bbba54bcb19,"","Update to version 2.4.58 or later.","Apache HTTP Server version 2.4.17 through 2.4.57.","When a HTTP/2 stream was reset (RST frame) by a client, there
  was a time window were the request's memory resources were not reclaimed immediately. Instead,
  de-allocation was deferred to connection close. A client could send new requests and resets,
  keeping the connection busy and open and causing the memory footprint to keep on growing. On
  connection close, all resources were reclaimed, but the process might run out of memory before
  that.

  This was found by the reporter during testing of CVE-2023-44487 (HTTP/2 Rapid Reset Exploit) with
  their own test client. During 'normal' HTTP/2 use, the probability to hit this bug is very low.
  The kept memory would not become noticeable before the connection closes or times out.","Checks if a vulnerable version is present on the target host.
Details:
Apache HTTP Server 2.4.17 - 2.4.57 DoS Vulnerability - Linux
(OID: 1.3.6.1.4.1.25623.1.0.100310)
Version used: 2024-08-02T05:05:39Z
","Product: cpe:/a:apache:http_server:2.4.25
Method: Apache HTTP Server Detection Consolidation
(OID: 1.3.6.1.4.1.25623.1.0.117232)
","","DFN-CERT-2026-2996,DFN-CERT-2026-2301,DFN-CERT-2024-2968,DFN-CERT-2024-1411,DFN-CERT-2024-1335,DFN-CERT-2024-1152,DFN-CERT-2024-1010,DFN-CERT-2023-3071,DFN-CERT-2023-2596,DFN-CERT-2023-2583,WID-SEC-2024-0769,WID-SEC-2023-2917,WID-SEC-2023-2712",""
172.20.0.2,,80,tcp,7.5,High,30,"VendorFix","Apache HTTP Server 2.4.17 < 2.4.49 mod_proxy HTTP/2 Request Smuggling Vulnerability - Linux","Apache HTTP Server is prone to an HTTP/2 request smuggling
  vulnerability in the 'mod_proxy' module.","Installed version: 2.4.25
Fixed version:     2.4.49
Installation
path / port:       80/tcp

",1.3.6.1.4.1.25623.1.0.117615,"",f17ad8c4-2e80-4091-a93d-0e8f7a384588,"SI084-S03 Escaneo audit_net v2 (Full and fast, Consider Alive)",2026-09-03T01:59:16Z,6a968f86-2b01-4563-a843-472f9d0eb8e9,"","Update to version 2.4.49 or later.","Apache HTTP Server version 2.4.17 through 2.4.48 running the
  mod_proxy module together with an enabled HTTP/2 protocol.","Apache's mod_proxy allows spaces in the :method of HTTP/2
  requests, enabling request line injection. If the back-end server tolerates trailing junk in the
  request line, this lets an attacker to bypass block rules.","Checks if a vulnerable version is present on the target host.
Details:
Apache HTTP Server 2.4.17 < 2.4.49 'mod_proxy' HTTP/2 Request Smuggling Vuln...
(OID: 1.3.6.1.4.1.25623.1.0.117615)
Version used: 2026-06-10T06:59:19Z
","Product: cpe:/a:apache:http_server:2.4.25
Method: Apache HTTP Server Detection Consolidation
(OID: 1.3.6.1.4.1.25623.1.0.117232)
","","DFN-CERT-2023-0497,DFN-CERT-2022-2405,DFN-CERT-2022-2167,DFN-CERT-2022-1047,DFN-CERT-2021-2471,DFN-CERT-2021-1961,DFN-CERT-2021-1854,WID-SEC-2024-1591,WID-SEC-2022-0722,CB-K21/0878",""
172.20.0.2,,80,tcp,5.0,Medium,30,"VendorFix","Apache HTTP Server 2.4.17 < 2.4.64 DoS Vulnerability - Linux","Apache HTTP Server is prone to a denial of service (DoS)
  vulnerability via HTTP/2.","Installed version: 2.4.25
Fixed version:     2.4.64
Installation
path / port:       80/tcp

",1.3.6.1.4.1.25623.1.0.154915,"",f17ad8c4-2e80-4091-a93d-0e8f7a384588,"SI084-S03 Escaneo audit_net v2 (Full and fast, Consider Alive)",2026-09-03T01:59:16Z,c4ade627-55bb-4dc2-a01a-59d1eb436668,"","Update to version 2.4.64 or later.","Apache HTTP Server version 2.4.17 through 2.4.63.","Late release of memory after effective lifetime vulnerability
  in Apache HTTP Server.","Checks if a vulnerable version is present on the target host.
Details:
Apache HTTP Server 2.4.17 < 2.4.64 DoS Vulnerability - Linux
(OID: 1.3.6.1.4.1.25623.1.0.154915)
Version used: 2025-07-11T15:43:14Z
","Product: cpe:/a:apache:http_server:2.4.25
Method: Apache HTTP Server Detection Consolidation
(OID: 1.3.6.1.4.1.25623.1.0.117232)
","","DFN-CERT-2026-4173,DFN-CERT-2026-3920,DFN-CERT-2026-3218,DFN-CERT-2026-2996,DFN-CERT-2026-2802,DFN-CERT-2026-2415,DFN-CERT-2026-2380,DFN-CERT-2026-2377,DFN-CERT-2025-2182,DFN-CERT-2025-1860,WID-SEC-2025-1850,WID-SEC-2025-1529",""
172.20.0.2,,80,tcp,7.5,High,30,"VendorFix","Apache HTTP Server 2.4.20 - 2.4.39 Multiple Vulnerabilities - Linux","Apache HTTP Server is prone to multiple vulnerabilities.","Installed version: 2.4.25
Fixed version:     2.4.41
Installation
path / port:       80/tcp

",1.3.6.1.4.1.25623.1.0.114147,"",f17ad8c4-2e80-4091-a93d-0e8f7a384588,"SI084-S03 Escaneo audit_net v2 (Full and fast, Consider Alive)",2026-09-03T01:59:16Z,0db58e2e-dd48-4c86-8deb-f61507e8198f,"","Update to version 2.4.41 or later.","Apache HTTP Server version 2.4.20 to 2.4.39.","Apache HTTP server is prone to multiple vulnerabilities:

  - A malicious client could perform a DoS attack by flooding a connection with requests and
  basically never reading responses on the TCP connection. Depending on h2 worker dimensioning,
  it was possible to block those with relatively few connections. (CVE-2019-9517)

  - HTTP/2 very early pushes, for example configured with 'H2PushResource', could lead to
  an overwrite of memory in the pushing request's pool, leading to crashes. The memory
  copied is that of the configured push link header values, not data supplied by
  the client. (CVE-2019-10081)","Checks if a vulnerable version is present on the target host.
Details:
Apache HTTP Server 2.4.20 - 2.4.39 Multiple Vulnerabilities - Linux
(OID: 1.3.6.1.4.1.25623.1.0.114147)
Version used: 2024-02-15T05:05:40Z
","Product: cpe:/a:apache:http_server:2.4.25
Method: Apache HTTP Server Detection Consolidation
(OID: 1.3.6.1.4.1.25623.1.0.117232)
","","DFN-CERT-2021-0776,DFN-CERT-2020-2422,DFN-CERT-2020-0779,DFN-CERT-2020-0716,DFN-CERT-2020-0640,DFN-CERT-2020-0630,DFN-CERT-2020-0595,DFN-CERT-2020-0054,DFN-CERT-2019-2456,DFN-CERT-2019-1992,DFN-CERT-2019-1810,DFN-CERT-2019-1751,DFN-CERT-2019-1727,DFN-CERT-2019-1690,WID-SEC-2024-1591,CB-K20/0708,CB-K19/0909,CB-K19/0728",""
172.20.0.2,,80,tcp,7.5,High,30,"VendorFix","Apache HTTP Server 2.4.20 < 2.4.44 Multiple Vulnerabilities - Linux","Apache HTTP Server is prone to multiple vulnerabilities.","Installed version: 2.4.25
Fixed version:     2.4.44
Installation
path / port:       80/tcp

",1.3.6.1.4.1.25623.1.0.144372,"",f17ad8c4-2e80-4091-a93d-0e8f7a384588,"SI084-S03 Escaneo audit_net v2 (Full and fast, Consider Alive)",2026-09-03T01:59:16Z,52f8fff7-71e0-40a1-aafb-b4995d4baa57,"","Update to version 2.4.44 or later.","Apache HTTP Server version 2.4.2 to 2.4.43.","The following vulnerabilities exist:

  - Push Diary Crash on Specifically Crafted HTTP/2 Header (CVE-2020-9490)

  - Push Diary Crash on Specifically Crafted HTTP/2 Header (CVE-2020-11993)","Checks if a vulnerable version is present on the target host.
Details:
Apache HTTP Server 2.4.20 < 2.4.44 Multiple Vulnerabilities - Linux
(OID: 1.3.6.1.4.1.25623.1.0.144372)
Version used: 2024-02-15T05:05:40Z
","Product: cpe:/a:apache:http_server:2.4.25
Method: Apache HTTP Server Detection Consolidation
(OID: 1.3.6.1.4.1.25623.1.0.117232)
","","DFN-CERT-2022-0074,DFN-CERT-2021-1069,DFN-CERT-2020-2628,DFN-CERT-2020-2345,DFN-CERT-2020-2338,DFN-CERT-2020-1985,DFN-CERT-2020-1905,DFN-CERT-2020-1793,DFN-CERT-2020-1744,WID-SEC-2024-3319,WID-SEC-2024-1591,WID-SEC-2023-1048,WID-SEC-2023-0063,CB-K21/0341,CB-K21/0068,CB-K20/0798",""
172.20.0.2,,80,tcp,5.3,Medium,30,"VendorFix","Apache HTTP Server 2.4.6 - 2.4.46 Tunneling Misconfiguration Vulnerability - Linux","Apache HTTP Server is prone to a tunneling misconfiguration
  vulnerability.","Installed version: 2.4.25
Fixed version:     2.4.48
Installation
path / port:       80/tcp

",1.3.6.1.4.1.25623.1.0.112898,"",f17ad8c4-2e80-4091-a93d-0e8f7a384588,"SI084-S03 Escaneo audit_net v2 (Full and fast, Consider Alive)",2026-09-03T01:59:16Z,a437c22c-cc3a-4e76-9236-363393f991fd,"","Update to version 2.4.48 or later.","Apache HTTP Server versions 2.4.6 to 2.4.46 on Linux.","mod_proxy_wstunnel configured on an URL that is not necessarily
  upgraded by the origin server was tunneling the whole connection regardless, thus allowing for
  subsequent requests on the same connection to pass through with no HTTP validation,
  authentication or authorization possibly configured.","Checks if a vulnerable version is present on the target host.
Details:
Apache HTTP Server 2.4.6 - 2.4.46 Tunneling Misconfiguration Vulnerability -...
(OID: 1.3.6.1.4.1.25623.1.0.112898)
Version used: 2026-06-10T06:59:19Z
","Product: cpe:/a:apache:http_server:2.4.25
Method: Apache HTTP Server Detection Consolidation
(OID: 1.3.6.1.4.1.25623.1.0.117232)
","","DFN-CERT-2024-1411,DFN-CERT-2021-2394,DFN-CERT-2021-1273,WID-SEC-2024-1591,WID-SEC-2022-0438,CB-K21/0646",""
172.20.0.2,,80,tcp,8.2,High,30,"VendorFix","Apache HTTP Server 2.4.7 - 2.4.51 Multiple Vulnerabilities - Linux","Apache HTTP Server is prone to multiple vulnerabilities.","Installed version: 2.4.25
Fixed version:     2.4.52
Installation
path / port:       80/tcp

",1.3.6.1.4.1.25623.1.0.117854,"",f17ad8c4-2e80-4091-a93d-0e8f7a384588,"SI084-S03 Escaneo audit_net v2 (Full and fast, Consider Alive)",2026-09-03T01:59:16Z,ab464e7c-1601-4d64-a6a3-bba200c6d754,"","Update to version 2.4.52 or later.","Apache HTTP Server version 2.4.7 through 2.4.51.","A crafted URI sent to httpd configured as a forward proxy
  (ProxyRequests on) can cause a crash (NULL pointer dereference) or, for configurations mixing
  forward and reverse proxy declarations, can allow for requests to be directed to a declared Unix
  Domain Socket endpoint (Server Side Request Forgery).","Checks if a vulnerable version is present on the target host.
Details:
Apache HTTP Server 2.4.7 - 2.4.51 Multiple Vulnerabilities - Linux
(OID: 1.3.6.1.4.1.25623.1.0.117854)
Version used: 2021-12-23T12:12:57Z
","Product: cpe:/a:apache:http_server:2.4.25
Method: Apache HTTP Server Detection Consolidation
(OID: 1.3.6.1.4.1.25623.1.0.117232)
","","DFN-CERT-2026-2996,DFN-CERT-2022-2405,DFN-CERT-2022-2167,DFN-CERT-2022-1116,DFN-CERT-2022-1115,DFN-CERT-2022-1114,DFN-CERT-2022-1047,DFN-CERT-2022-0872,DFN-CERT-2022-0068,DFN-CERT-2021-2656,WID-SEC-2024-2180,WID-SEC-2024-1591,WID-SEC-2022-1057,WID-SEC-2022-0727,WID-SEC-2022-0432,WID-SEC-2022-0302,CB-K22/0619,CB-K21/1296",""
172.20.0.2,,80,tcp,5.8,Medium,30,"VendorFix","Apache HTTP Server 2.4.7 - 2.4.65 Authentication Bypass Vulnerability - Linux","Apache HTTP Server is prone to an authentication bypass
  vulnerability.","Installed version: 2.4.25
Fixed version:     2.4.66
Installation
path / port:       80/tcp

",1.3.6.1.4.1.25623.1.0.125567,"",f17ad8c4-2e80-4091-a93d-0e8f7a384588,"SI084-S03 Escaneo audit_net v2 (Full and fast, Consider Alive)",2026-09-03T01:59:16Z,91dc6660-9db0-4bb4-aa34-e1942adf8ff7,"","Update to version 2.4.66 or later.","Apache HTTP Server version 2.4.7 through 2.4.65.","mod_userdir+suexec bypass via AllowOverride FileInfo
  vulnerability in Apache HTTP Server. Users with access to use the RequestHeader directive in
  htaccess can cause some CGI scripts to run under an unexpected userid.","Checks if a vulnerable version is present on the target host.
Details:
Apache HTTP Server 2.4.7 - 2.4.65 Authentication Bypass Vulnerability - Linux
(OID: 1.3.6.1.4.1.25623.1.0.125567)
Version used: 2025-12-05T05:44:55Z
","Product: cpe:/a:apache:http_server:2.4.25
Method: Apache HTTP Server Detection Consolidation
(OID: 1.3.6.1.4.1.25623.1.0.117232)
","","DFN-CERT-2026-2996,DFN-CERT-2026-2380,DFN-CERT-2026-2301,DFN-CERT-2026-1112,DFN-CERT-2026-1111,DFN-CERT-2026-1110,DFN-CERT-2026-0680,DFN-CERT-2025-3602,DFN-CERT-2025-3581,DFN-CERT-2025-3512,DFN-CERT-2025-3405,WID-SEC-2026-2189,WID-SEC-2026-1730,WID-SEC-2026-0853,WID-SEC-2026-0349,WID-SEC-2025-2750",""
172.20.0.2,,80,tcp,4.3,Medium,30,"VendorFix","Apache HTTP Server 2.4.x < 2.4.66 Improper Neutralization Vulnerability - Linux","Apache HTTP Server is prone to an improper neutralization
  vulnerability.","Installed version: 2.4.25
Fixed version:     2.4.66
Installation
path / port:       80/tcp

",1.3.6.1.4.1.25623.1.0.125566,"",f17ad8c4-2e80-4091-a93d-0e8f7a384588,"SI084-S03 Escaneo audit_net v2 (Full and fast, Consider Alive)",2026-09-03T01:59:16Z,935377ca-808d-4b6c-bf10-33e0f998db95,"","Update to version 2.4.66 or later.","Apache HTTP Server version 2.4.x prior to 2.4.66.","Improper neutralization of escape, meta, or control sequences
  vulnerability in Apache HTTP Server through environment variables set via the Apache
  configuration unexpectedly superseding variables calculated by the server for CGI programs.","Checks if a vulnerable version is present on the target host.
Details:
Apache HTTP Server 2.4.x < 2.4.66 Improper Neutralization Vulnerability - Li...
(OID: 1.3.6.1.4.1.25623.1.0.125566)
Version used: 2025-12-05T05:44:55Z
","Product: cpe:/a:apache:http_server:2.4.25
Method: Apache HTTP Server Detection Consolidation
(OID: 1.3.6.1.4.1.25623.1.0.117232)
","","DFN-CERT-2026-2996,DFN-CERT-2026-2380,DFN-CERT-2026-2301,DFN-CERT-2026-1581,DFN-CERT-2026-1112,DFN-CERT-2026-1111,DFN-CERT-2026-1110,DFN-CERT-2026-0680,DFN-CERT-2026-0214,DFN-CERT-2025-3602,DFN-CERT-2025-3581,DFN-CERT-2025-3512,DFN-CERT-2025-3405,WID-SEC-2026-2189,WID-SEC-2026-1730,WID-SEC-2026-1203,WID-SEC-2026-0853,WID-SEC-2026-0349,WID-SEC-2026-0155,WID-SEC-2025-2750",""
172.20.0.2,,80,tcp,5.3,Medium,30,"VendorFix","Apache HTTP Server < 2.4.38 HTTP/2 DoS Vulnerability - Linux","By sending request bodies in a slow loris way to plain resources, the h2
  stream for that request unnecessarily occupied a server thread cleaning up that incoming data. This affects only
  HTTP/2 connections. A possible mitigation is to not enable the h2 protocol.","Installed version: 2.4.25
Fixed version:     2.4.38
Installation
path / port:       80/tcp

",1.3.6.1.4.1.25623.1.0.141966,"",f17ad8c4-2e80-4091-a93d-0e8f7a384588,"SI084-S03 Escaneo audit_net v2 (Full and fast, Consider Alive)",2026-09-03T01:59:16Z,e87a8c6f-ec34-4a57-a92d-7265ddaf5ea1,"","Update to version 2.4.38 or later.","Apache HTTP Server version 2.4.37 and prior.","","Checks if a vulnerable version is present on the target host.
Details:
Apache HTTP Server < 2.4.38 HTTP/2 DoS Vulnerability - Linux
(OID: 1.3.6.1.4.1.25623.1.0.141966)
Version used: 2024-02-15T05:05:40Z
","Product: cpe:/a:apache:http_server:2.4.25
Method: Apache HTTP Server Detection Consolidation
(OID: 1.3.6.1.4.1.25623.1.0.117232)
","","DFN-CERT-2020-2422,DFN-CERT-2019-2592,DFN-CERT-2019-2456,DFN-CERT-2019-0781,DFN-CERT-2019-0687,DFN-CERT-2019-0529,DFN-CERT-2019-0184,CB-K20/0041,CB-K19/0316,CB-K19/0071",""
172.20.0.2,,80,tcp,7.5,High,30,"VendorFix","Apache HTTP Server < 2.4.38 mod_session_cookie Vulnerability - Linux","In Apache HTTP Server mod_session checks the session expiry time before
  decoding the session. This causes session expiry time to be ignored for mod_session_cookie sessions since the
  expiry time is loaded when the session is decoded.","Installed version: 2.4.25
Fixed version:     2.4.38
Installation
path / port:       80/tcp

",1.3.6.1.4.1.25623.1.0.141964,"",f17ad8c4-2e80-4091-a93d-0e8f7a384588,"SI084-S03 Escaneo audit_net v2 (Full and fast, Consider Alive)",2026-09-03T01:59:16Z,003aac9e-df68-483b-a62a-22027ded4562,"","Update to version 2.4.38 or later.","Apache HTTP Server version 2.4.37 and prior.","","Checks if a vulnerable version is present on the target host.
Details:
Apache HTTP Server < 2.4.38 mod_session_cookie Vulnerability - Linux
(OID: 1.3.6.1.4.1.25623.1.0.141964)
Version used: 2024-02-15T05:05:40Z
","Product: cpe:/a:apache:http_server:2.4.25
Method: Apache HTTP Server Detection Consolidation
(OID: 1.3.6.1.4.1.25623.1.0.117232)
","","DFN-CERT-2021-1069,DFN-CERT-2020-0673,DFN-CERT-2019-2592,DFN-CERT-2019-2456,DFN-CERT-2019-0857,DFN-CERT-2019-0690,DFN-CERT-2019-0687,DFN-CERT-2019-0198,DFN-CERT-2019-0184,CB-K19/0316,CB-K19/0071",""
172.20.0.2,,80,tcp,7.5,High,30,"VendorFix","Apache HTTP Server < 2.4.39 mod_auth_digest Access Control Bypass Vulnerability - Linux","In Apache HTTP Server, a race condition in mod_auth_digest when running in a
  threaded server could allow a user with valid credentials to authenticate using another username, bypassing
  configured access control restrictions.","Installed version: 2.4.25
Fixed version:     2.4.39
Installation
path / port:       80/tcp

",1.3.6.1.4.1.25623.1.0.142220,"",f17ad8c4-2e80-4091-a93d-0e8f7a384588,"SI084-S03 Escaneo audit_net v2 (Full and fast, Consider Alive)",2026-09-03T01:59:16Z,1de29880-3836-447e-a466-d74377770fd5,"","Update to version 2.4.39 or later.","Apache HTTP Server version 2.4.38 and prior.","","Checks if a vulnerable version is present on the target host.
Details:
Apache HTTP Server < 2.4.39 mod_auth_digest Access Control Bypass Vulnerabil...
(OID: 1.3.6.1.4.1.25623.1.0.142220)
Version used: 2024-02-15T05:05:40Z
","Product: cpe:/a:apache:http_server:2.4.25
Method: Apache HTTP Server Detection Consolidation
(OID: 1.3.6.1.4.1.25623.1.0.117232)
","","DFN-CERT-2019-2592,DFN-CERT-2019-2456,DFN-CERT-2019-0736,DFN-CERT-2019-0690,DFN-CERT-2019-0687,DFN-CERT-2019-0680,DFN-CERT-2019-0676,WID-SEC-2023-2047,CB-K19/0623,CB-K19/0267",""
172.20.0.2,,80,tcp,5.3,Medium,30,"VendorFix","Apache HTTP Server < 2.4.39 mod_http2 Use-After-Free Vulnerability - Linux","Using fuzzed network input, the http/2 request handling could be made to
  access freed memory in string comparison when determining the method of a request and thus process the request
  incorrectly.","Installed version: 2.4.25
Fixed version:     2.4.39
Installation
path / port:       80/tcp

",1.3.6.1.4.1.25623.1.0.142226,"",f17ad8c4-2e80-4091-a93d-0e8f7a384588,"SI084-S03 Escaneo audit_net v2 (Full and fast, Consider Alive)",2026-09-03T01:59:16Z,ba532db9-5397-4bb3-9910-867d0e2bcaf7,"","Update to version 2.4.39 or later.","Apache HTTP Server version 2.4.38 and prior.","","Checks if a vulnerable version is present on the target host.
Details:
Apache HTTP Server < 2.4.39 mod_http2 Use-After-Free Vulnerability - Linux
(OID: 1.3.6.1.4.1.25623.1.0.142226)
Version used: 2024-02-15T05:05:40Z
","Product: cpe:/a:apache:http_server:2.4.25
Method: Apache HTTP Server Detection Consolidation
(OID: 1.3.6.1.4.1.25623.1.0.117232)
","","DFN-CERT-2020-2422,DFN-CERT-2020-1335,DFN-CERT-2019-2456,DFN-CERT-2019-1054,DFN-CERT-2019-0687,DFN-CERT-2019-0676,WID-SEC-2023-2047,CB-K19/0623,CB-K19/0267",""
172.20.0.2,,80,tcp,7.8,High,30,"VendorFix","Apache HTTP Server < 2.4.39 Privilege Escalation Vulnerability - Linux","In Apache HTTP Server, with MPM event, worker or prefork, code executing in
  less-privileged child processes or threads (including scripts executed by an in-process scripting interpreter)
  could execute arbitrary code with the privileges of the parent process (usually root) by manipulating the
  scoreboard. Non-Unix systems are not affected.","Installed version: 2.4.25
Fixed version:     2.4.39
Installation
path / port:       80/tcp

",1.3.6.1.4.1.25623.1.0.142219,"",f17ad8c4-2e80-4091-a93d-0e8f7a384588,"SI084-S03 Escaneo audit_net v2 (Full and fast, Consider Alive)",2026-09-03T01:59:16Z,4e87ea4a-7170-4a55-87b2-c0a271406497,"","Update to version 2.4.39 or later.","Apache HTTP Server version 2.4.38 and prior.","","Checks if a vulnerable version is present on the target host.
Details:
Apache HTTP Server < 2.4.39 Privilege Escalation Vulnerability - Linux
(OID: 1.3.6.1.4.1.25623.1.0.142219)
Version used: 2024-07-26T05:05:35Z
","Product: cpe:/a:apache:http_server:2.4.25
Method: Apache HTTP Server Detection Consolidation
(OID: 1.3.6.1.4.1.25623.1.0.117232)
","","DFN-CERT-2020-1473,DFN-CERT-2019-1519,DFN-CERT-2019-1455,DFN-CERT-2019-1238,DFN-CERT-2019-1101,DFN-CERT-2019-0915,DFN-CERT-2019-0911,DFN-CERT-2019-0815,DFN-CERT-2019-0753,DFN-CERT-2019-0687,DFN-CERT-2019-0676,WID-SEC-2023-2047,CB-K19/0623,CB-K19/0615,CB-K19/0267",""
172.20.0.2,,80,tcp,5.3,Medium,30,"VendorFix","Apache HTTP Server < 2.4.39 URL Normalization Vulnerability - Linux","When the path component of a request URL contains multiple consecutive slashes
  ('/'), directives such as LocationMatch and RewriteRule must account for duplicates in regular expressions while
  other aspects of the servers processing will implicitly collapse them.","Installed version: 2.4.25
Fixed version:     2.4.39
Installation
path / port:       80/tcp

",1.3.6.1.4.1.25623.1.0.142228,"",f17ad8c4-2e80-4091-a93d-0e8f7a384588,"SI084-S03 Escaneo audit_net v2 (Full and fast, Consider Alive)",2026-09-03T01:59:16Z,0a6145c5-9918-4828-b6bc-1067ffb767b1,"","Update to version 2.4.39 or later.","Apache HTTP Server version 2.4.38 and prior.","","Checks if a vulnerable version is present on the target host.
Details:
Apache HTTP Server < 2.4.39 URL Normalization Vulnerability - Linux
(OID: 1.3.6.1.4.1.25623.1.0.142228)
Version used: 2024-02-15T05:05:40Z
","Product: cpe:/a:apache:http_server:2.4.25
Method: Apache HTTP Server Detection Consolidation
(OID: 1.3.6.1.4.1.25623.1.0.117232)
","","DFN-CERT-2022-1610,DFN-CERT-2020-0184,DFN-CERT-2019-2592,DFN-CERT-2019-1519,DFN-CERT-2019-0815,DFN-CERT-2019-0690,DFN-CERT-2019-0687,DFN-CERT-2019-0680,DFN-CERT-2019-0676,WID-SEC-2023-2047,WID-SEC-2023-1969,WID-SEC-2023-1594,WID-SEC-2022-0757,CB-K20/0708,CB-K19/0623,CB-K19/0267",""
172.20.0.2,,80,tcp,7.5,High,30,"VendorFix","Apache HTTP Server < 2.4.58 mod_macro Out-of-bounds Read Vulnerability - Linux","Apache HTTP Server is prone to an out-of-bounds read
  vulnerability in mod_macro.","Installed version: 2.4.25
Fixed version:     2.4.58
Installation
path / port:       80/tcp

",1.3.6.1.4.1.25623.1.0.100272,"",f17ad8c4-2e80-4091-a93d-0e8f7a384588,"SI084-S03 Escaneo audit_net v2 (Full and fast, Consider Alive)",2026-09-03T01:59:16Z,fd3fe58b-1349-4f95-bedd-e5c5d4a55879,"","Update to version 2.4.58 or later.","Apache HTTP Server version 2.4.57 and prior.","","Checks if a vulnerable version is present on the target host.
Details:
Apache HTTP Server < 2.4.58 'mod_macro' Out-of-bounds Read Vulnerability - L...
(OID: 1.3.6.1.4.1.25623.1.0.100272)
Version used: 2024-02-15T05:05:40Z
","Product: cpe:/a:apache:http_server:2.4.25
Method: Apache HTTP Server Detection Consolidation
(OID: 1.3.6.1.4.1.25623.1.0.117232)
","","DFN-CERT-2026-2996,DFN-CERT-2024-1411,DFN-CERT-2024-1010,DFN-CERT-2024-1000,DFN-CERT-2024-0732,DFN-CERT-2023-2640,DFN-CERT-2023-2583,WID-SEC-2024-1226,WID-SEC-2024-0899,WID-SEC-2024-0869,WID-SEC-2024-0769,WID-SEC-2024-0107,WID-SEC-2023-2917,WID-SEC-2023-2712",""
172.20.0.2,,80,tcp,7.5,High,30,"VendorFix","Apache HTTP Server < 2.4.59 Multiple Vulnerabilities - Linux","Apache HTTP Server is prone to multiple vulnerabilities.","Installed version: 2.4.25
Fixed version:     2.4.59
Installation
path / port:       80/tcp

",1.3.6.1.4.1.25623.1.0.152039,"",f17ad8c4-2e80-4091-a93d-0e8f7a384588,"SI084-S03 Escaneo audit_net v2 (Full and fast, Consider Alive)",2026-09-03T01:59:16Z,ff647553-c51a-49e4-8504-b88aa77058da,"","Update to version 2.4.59 or later.","Apache HTTP Server version 2.4.58 and prior.","The following vulnerabilities exist:

  - CVE-2023-38709: HTTP response splitting

  - CVE-2024-24795: HTTP response splitting in multiple modules

  - CVE-2024-27316: HTTP/2 DoS by memory exhaustion on endless continuation frames","Checks if a vulnerable version is present on the target host.
Details:
Apache HTTP Server < 2.4.59 Multiple Vulnerabilities - Linux
(OID: 1.3.6.1.4.1.25623.1.0.152039)
Version used: 2024-06-07T05:05:42Z
","Product: cpe:/a:apache:http_server:2.4.25
Method: Apache HTTP Server Detection Consolidation
(OID: 1.3.6.1.4.1.25623.1.0.117232)
","","DFN-CERT-2026-3742,DFN-CERT-2026-3594,DFN-CERT-2026-2996,DFN-CERT-2026-2301,DFN-CERT-2025-2802,DFN-CERT-2025-2658,DFN-CERT-2025-2657,DFN-CERT-2024-2900,DFN-CERT-2024-2534,DFN-CERT-2024-2076,DFN-CERT-2024-1958,DFN-CERT-2024-1853,DFN-CERT-2024-1749,DFN-CERT-2024-1697,DFN-CERT-2024-1411,DFN-CERT-2024-1335,DFN-CERT-2024-1238,DFN-CERT-2024-1031,DFN-CERT-2024-1010,DFN-CERT-2024-0964,DFN-CERT-2024-0901,DFN-CERT-2024-0890,WID-SEC-2025-1529,WID-SEC-2024-1725,WID-SEC-2024-1643,WID-SEC-2024-1642,WID-SEC-2024-1504,WID-SEC-2024-1248,WID-SEC-2024-1226,WID-SEC-2024-0801,WID-SEC-2024-0789",""
172.20.0.2,,80,tcp,5.0,Medium,30,"VendorFix","Apache HTTP Server < 2.4.64 Multiple Vulnerabilities - Linux","Apache HTTP Server is prone to multiple vulnerabilities.","Installed version: 2.4.25
Fixed version:     2.4.64
Installation
path / port:       80/tcp

",1.3.6.1.4.1.25623.1.0.154909,"",f17ad8c4-2e80-4091-a93d-0e8f7a384588,"SI084-S03 Escaneo audit_net v2 (Full and fast, Consider Alive)",2026-09-03T01:59:16Z,bfd7e757-14f6-41a6-a4fb-d0f99f591177,"","Update to version 2.4.64 or later.","Apache HTTP Server version 2.4.63 and prior.","The following flaws exist:

  - CVE-2024-42516: HTTP response splitting

  - CVE-2024-43204: SSRF with mod_headers setting Content-Type header

  - CVE-2024-47252: mod_ssl error log variable escaping

  - CVE-2025-49812: mod_ssl TLS upgrade attack","Checks if a vulnerable version is present on the target host.
Details:
Apache HTTP Server < 2.4.64 Multiple Vulnerabilities - Linux
(OID: 1.3.6.1.4.1.25623.1.0.154909)
Version used: 2025-07-11T15:43:14Z
","Product: cpe:/a:apache:http_server:2.4.25
Method: Apache HTTP Server Detection Consolidation
(OID: 1.3.6.1.4.1.25623.1.0.117232)
","","DFN-CERT-2026-3742,DFN-CERT-2026-3672,DFN-CERT-2026-3594,DFN-CERT-2026-3546,DFN-CERT-2026-3044,DFN-CERT-2026-2996,DFN-CERT-2026-2662,DFN-CERT-2026-2380,DFN-CERT-2026-2301,DFN-CERT-2026-0205,DFN-CERT-2025-2421,DFN-CERT-2025-2403,DFN-CERT-2025-2402,DFN-CERT-2025-2373,DFN-CERT-2025-2231,DFN-CERT-2025-2182,DFN-CERT-2025-1917,DFN-CERT-2025-1860,WID-SEC-2026-0162,WID-SEC-2025-1850,WID-SEC-2025-1529",""
172.20.0.2,,80,tcp,4.3,Medium,30,"VendorFix","Apache HTTP Server < 2.4.66 SSI Vulnerability - Linux","Apache HTTP Server is prone to a Server Side Includes (SSI)
  vulnerability.","Installed version: 2.4.25
Fixed version:     2.4.66
Installation
path / port:       80/tcp

",1.3.6.1.4.1.25623.1.0.125564,"",f17ad8c4-2e80-4091-a93d-0e8f7a384588,"SI084-S03 Escaneo audit_net v2 (Full and fast, Consider Alive)",2026-09-03T01:59:16Z,98bb11f3-b130-4c3f-81bd-0dabb30f04cb,"","Update to version 2.4.66 or later.","Apache HTTP Server prior to version 2.4.66.","Apache HTTP Server with SSI enabled and mod_cgid (but not
  mod_cgi) passes the shell-escaped query string to #exec cmd='...' directives.","Checks if a vulnerable version is present on the target host.
Details:
Apache HTTP Server < 2.4.66 SSI Vulnerability - Linux
(OID: 1.3.6.1.4.1.25623.1.0.125564)
Version used: 2025-12-05T05:44:55Z
","Product: cpe:/a:apache:http_server:2.4.25
Method: Apache HTTP Server Detection Consolidation
(OID: 1.3.6.1.4.1.25623.1.0.117232)
","","DFN-CERT-2026-2996,DFN-CERT-2026-2380,DFN-CERT-2026-2301,DFN-CERT-2026-1581,DFN-CERT-2026-1112,DFN-CERT-2026-1111,DFN-CERT-2026-1110,DFN-CERT-2026-0680,DFN-CERT-2026-0027,DFN-CERT-2026-0012,DFN-CERT-2025-3602,DFN-CERT-2025-3581,DFN-CERT-2025-3512,DFN-CERT-2025-3405,WID-SEC-2026-2189,WID-SEC-2026-1730,WID-SEC-2026-1203,WID-SEC-2026-1194,WID-SEC-2026-0853,WID-SEC-2026-0349,WID-SEC-2026-0153,WID-SEC-2025-2750",""
172.20.0.2,,80,tcp,5.9,Medium,30,"VendorFix","Apache HTTP Server Denial of Service Vulnerability (Apr 2018) - Linux","Apache HTTP Server is prone to a denial of service vulnerability.","Installed version: 2.4.25
Fixed version:     2.4.30
Installation
path / port:       80/tcp

",1.3.6.1.4.1.25623.1.0.812845,"",f17ad8c4-2e80-4091-a93d-0e8f7a384588,"SI084-S03 Escaneo audit_net v2 (Full and fast, Consider Alive)",2026-09-03T01:59:16Z,e2d6e6d2-26dc-4b07-a592-f1f283d2555f,"Successful exploitation will allow an attacker
  to destroy an HTTP/2 stream, resulting in a denial of service condition.","Update to version 2.4.30 or later. Please see the references for more information.","Apache HTTP Server versions 2.4.17, 2.4.18,
  2.4.20, 2.4.23 and from 2.4.25 to 2.4.29.","The flaw exists as the Apache HTTP Server
  writes a NULL pointer potentially to an already freed memory.","Checks if a vulnerable version is present on the target host.
Details:
Apache HTTP Server Denial of Service Vulnerability (Apr 2018) - Linux
(OID: 1.3.6.1.4.1.25623.1.0.812845)
Version used: 2024-02-09T05:06:25Z
","Product: cpe:/a:apache:http_server:2.4.25
Method: Apache HTTP Server Detection Consolidation
(OID: 1.3.6.1.4.1.25623.1.0.117232)
","","DFN-CERT-2019-0359,DFN-CERT-2019-0351,DFN-CERT-2018-2011,DFN-CERT-2018-1386,DFN-CERT-2018-0985,DFN-CERT-2018-0570,CB-K18/0535",""
172.20.0.2,,80,tcp,7.5,High,30,"VendorFix","Apache HTTP Server Denial of Service Vulnerability-02 (Apr 2018) - Linux","Apache HTTP Server is prone to a denial of service vulnerability.","Installed version: 2.4.25
Fixed version:     2.4.30
Installation
path / port:       80/tcp

",1.3.6.1.4.1.25623.1.0.812849,"",f17ad8c4-2e80-4091-a93d-0e8f7a384588,"SI084-S03 Escaneo audit_net v2 (Full and fast, Consider Alive)",2026-09-03T01:59:16Z,179ce296-b3a6-49ec-a4da-04ac9ecac110,"Successful exploitation will allow an attacker
  to crash the Apache HTTP Server resulting in denial of service condition.","Update to version 2.4.30 or later. Please see the references for more information.","Apache HTTP Server versions 2.4.6, 2.4.7,
  2.4.9, 2.4.10, 2.4.12, 2.4.16 through 2.4.18, 2.4.20, 2.4.23, and 2.4.25 through
  2.4.29.","The flaw exists as the Apache HTTP Server
  fails to sanitize against a specially crafted HTTP request header.","Checks if a vulnerable version is present on the target host.
Details:
Apache HTTP Server Denial of Service Vulnerability-02 (Apr 2018) - Linux
(OID: 1.3.6.1.4.1.25623.1.0.812849)
Version used: 2024-02-09T05:06:25Z
","Product: cpe:/a:apache:http_server:2.4.25
Method: Apache HTTP Server Detection Consolidation
(OID: 1.3.6.1.4.1.25623.1.0.117232)
","","DFN-CERT-2020-2133,DFN-CERT-2019-0359,DFN-CERT-2019-0351,DFN-CERT-2018-2316,DFN-CERT-2018-0985,DFN-CERT-2018-0570,CB-K20/1030,CB-K18/0535",""
172.20.0.2,,80,tcp,7.5,High,30,"VendorFix","Apache HTTP Server Denial-Of-Service Vulnerability (Jun 2017) - Linux","Apache HTTP Server is prone to a denial of service (DoS) vulnerability.","Installed version: 2.4.25
Fixed version:     2.4.26
Installation
path / port:       80/tcp

",1.3.6.1.4.1.25623.1.0.811216,"",f17ad8c4-2e80-4091-a93d-0e8f7a384588,"SI084-S03 Escaneo audit_net v2 (Full and fast, Consider Alive)",2026-09-03T01:59:16Z,50e64d2c-4331-4a97-8bfb-cbb30d2d87f2,"Successful exploitation will allow remote
  attackers to cause a denial-of-service condition.","Update to Apache HTTP Server 2.2.33 or 2.4.26
  or later.","Apache HTTP Server versions 2.2.32, 2.4.24
  and 2.4.25.","The flaw exists due to an error in the
  token list parsing, which allows ap_find_token() to search past the end of its
  input string. By maliciously crafting a sequence of request headers, an
  attacker may be able to cause a segmentation fault, or to force
  ap_find_token() to return an incorrect value.","Checks if a vulnerable version is present on the target host.
Details:
Apache HTTP Server Denial-Of-Service Vulnerability (Jun 2017) - Linux
(OID: 1.3.6.1.4.1.25623.1.0.811216)
Version used: 2024-02-16T05:06:55Z
","Product: cpe:/a:apache:http_server:2.4.25
Method: Apache HTTP Server Detection Consolidation
(OID: 1.3.6.1.4.1.25623.1.0.117232)
","","DFN-CERT-2019-0358,DFN-CERT-2018-0077,DFN-CERT-2017-2104,DFN-CERT-2017-2021,DFN-CERT-2017-1926,DFN-CERT-2017-1925,DFN-CERT-2017-1828,DFN-CERT-2017-1692,DFN-CERT-2017-1443,DFN-CERT-2017-1327,DFN-CERT-2017-1204,DFN-CERT-2017-1058,WID-SEC-2025-0370,CB-K18/0066,CB-K17/2013,CB-K17/1936,CB-K17/1854,CB-K17/1842,CB-K17/1747,CB-K17/1622,CB-K17/1382,CB-K17/1279,CB-K17/1163,CB-K17/1023",""
172.20.0.2,,,,0.0,Log,80,"","Apache HTTP Server Detection Consolidation","Consolidation of Apache HTTP Server detections.","Detected Apache HTTP Server

Version:       2.4.25
Location:      80/tcp
CPE:           cpe:/a:apache:http_server:2.4.25

Concluded from version/product identification result:
Server: Apache/2.4.25 (Debian)
",1.3.6.1.4.1.25623.1.0.117232,"",f17ad8c4-2e80-4091-a93d-0e8f7a384588,"SI084-S03 Escaneo audit_net v2 (Full and fast, Consider Alive)",2026-09-03T01:59:16Z,342e12b4-1009-48b2-8014-4b959fde63ed,"","","","","
Details:
Apache HTTP Server Detection Consolidation
(OID: 1.3.6.1.4.1.25623.1.0.117232)
Version used: 2024-03-08T15:37:10Z
","","","",""
172.20.0.2,,80,tcp,5.9,Medium,30,"VendorFix","Apache HTTP Server HTTP/2 SETTINGS Data Processing DoS Vulnerability - Linux","Apache HTTP Server is prone to a denial of service (DoS) vulnerability.","Installed version: 2.4.25
Fixed version:     2.4.35
Installation
path / port:       80/tcp

",1.3.6.1.4.1.25623.1.0.814056,"",f17ad8c4-2e80-4091-a93d-0e8f7a384588,"SI084-S03 Escaneo audit_net v2 (Full and fast, Consider Alive)",2026-09-03T01:59:16Z,67801ff0-89f3-49ff-88bc-6b5693957ee9,"Successful exploitation will allow remote
  attackers to cause a denial of service (DoS) condition on a targeted system.","Update to Apache HTTP Server 2.4.35 or
  later. Please see the references for more information.","Apache HTTP Server versions 2.4.34, 2.4.33,
  2.4.30, 2.4.29, 2.4.28, 2.4.27, 2.4.26, 2.4.25, 2.4.23, 2.4.20, 2.4.18.","The flaw is due to an improper processing of
  specially crafted and continuous SETTINGS data for an ongoing HTTP/2 connection
  to cause the target service to fail to timeout.","Checks if a vulnerable version is present
  on the target host.
Details:
Apache HTTP Server HTTP/2 'SETTINGS' Data Processing DoS Vulnerability - Lin...
(OID: 1.3.6.1.4.1.25623.1.0.814056)
Version used: 2024-02-15T05:05:40Z
","Product: cpe:/a:apache:http_server:2.4.25
Method: Apache HTTP Server Detection Consolidation
(OID: 1.3.6.1.4.1.25623.1.0.117232)
","","DFN-CERT-2019-1562,DFN-CERT-2019-0359,DFN-CERT-2019-0351,DFN-CERT-2019-0112,DFN-CERT-2019-0104,DFN-CERT-2018-2316,DFN-CERT-2018-2044,DFN-CERT-2018-2011,WID-SEC-2024-1682,CB-K19/0316,CB-K19/0050,CB-K18/0949",""
172.20.0.2,,80,tcp,7.5,High,30,"VendorFix","Apache HTTP Server OPTIONS Memory Leak Vulnerability (Optionsbleed) - Version Check","Apache HTTP Server allows remote attackers to read
  secret data from process memory if the Limit directive can be set in a user's .htaccess
  file, or if httpd.conf has certain misconfigurations, aka Optionsbleed.","Installed version: 2.4.25
Fixed version:     2.4.28
Installation
path / port:       80/tcp

",1.3.6.1.4.1.25623.1.0.108252,"",f17ad8c4-2e80-4091-a93d-0e8f7a384588,"SI084-S03 Escaneo audit_net v2 (Full and fast, Consider Alive)",2026-09-03T01:59:16Z,51a64aa3-075d-4f2e-b866-f1058230ab9d,"The successful exploitation allows the attacker to read
  chunks of the host's memory.","Update to Apache HTTP Server 2.4.28. For Apache HTTP
  Server running version 2.2.34 apply the patch linked in the references.

  As a workaround the usage of .htaccess should be disabled completely via the
  'AllowOverride None' directive within the webservers configuration. Furthermore all
  <Limit> statements within the webserver configuration needs to be verified for
  invalid HTTP methods.","Apache HTTP Server 2.2.x versions up to 2.2.34 and
  2.4.x below 2.4.28.","Optionsbleed is a use after free error in the Apache
  HTTP Server that causes a corrupted Allow header to be constructed in response to HTTP
  OPTIONS requests. This can leak pieces of arbitrary memory from the server process that
  may contain secrets. The memory pieces change after multiple requests, so for a vulnerable
  host an arbitrary number of memory chunks can be leaked.

  The bug appears if a webmaster tries to use the 'Limit' directive with an invalid HTTP
  method.

  Example .htaccess:

  <Limit abcxyz>
  </Limit>","Checks if a vulnerable version is present on the target host.
Details:
Apache HTTP Server OPTIONS Memory Leak Vulnerability (Optionsbleed) - Versio...
(OID: 1.3.6.1.4.1.25623.1.0.108252)
Version used: 2025-01-21T05:37:33Z
","Product: cpe:/a:apache:http_server:2.4.25
Method: Apache HTTP Server Detection Consolidation
(OID: 1.3.6.1.4.1.25623.1.0.117232)
","","DFN-CERT-2019-0359,DFN-CERT-2018-2113,DFN-CERT-2018-1070,DFN-CERT-2018-0725,DFN-CERT-2018-0100,DFN-CERT-2018-0077,DFN-CERT-2017-2290,DFN-CERT-2017-2211,DFN-CERT-2017-2108,DFN-CERT-2017-2070,DFN-CERT-2017-2021,DFN-CERT-2017-1954,DFN-CERT-2017-1854,DFN-CERT-2017-1843,DFN-CERT-2017-1659,WID-SEC-2023-1594,CB-K18/1012,CB-K18/0800,CB-K18/0606,CB-K18/0098,CB-K18/0066,CB-K17/2188,CB-K17/2117,CB-K17/2021,CB-K17/1980,CB-K17/1936,CB-K17/1871,CB-K17/1773,CB-K17/1768,CB-K17/1587",""
172.20.0.2,,80,tcp,4.8,Medium,80,"Workaround","Cleartext Transmission of Sensitive Information via HTTP","The host / application transmits sensitive information (username, passwords) in
  cleartext via HTTP.","The following input fields were identified (URL:input name):

http://172.20.0.2/login.php:password
",1.3.6.1.4.1.25623.1.0.108440,"",f17ad8c4-2e80-4091-a93d-0e8f7a384588,"SI084-S03 Escaneo audit_net v2 (Full and fast, Consider Alive)",2026-09-03T01:59:16Z,6cfd5f01-ce3a-4867-9700-4759c1de9c13,"An attacker could use this situation to compromise or eavesdrop on the
  HTTP communication between the client and the server using a man-in-the-middle attack to get access to
  sensitive data like usernames or passwords.","Enforce the transmission of sensitive data via an encrypted SSL/TLS connection.
  Additionally make sure the host / application is redirecting all users to the secured SSL/TLS connection before
  allowing to input sensitive data into the mentioned functions.","Hosts / applications which doesn't enforce the transmission of sensitive data via an
  encrypted SSL/TLS connection.","","Evaluate previous collected information and check if the host / application is not
  enforcing the transmission of sensitive data via an encrypted SSL/TLS connection.

  The script is currently checking the following:

  - HTTP Basic Authentication (Basic Auth)

  - HTTP Forms (e.g. Login) with input field of type 'password'
Details:
Cleartext Transmission of Sensitive Information via HTTP
(OID: 1.3.6.1.4.1.25623.1.0.108440)
Version used: 2023-09-07T05:05:21Z
","","","",""
172.20.0.5,,,,0.0,Log,80,"","CPE Inventory","This routine uses information collected by other routines about
  CPE identities of operating systems, services and applications detected during the scan.

  Note: Some CPEs for specific products might show up twice or more in the output. Background:

  After a product got renamed or a specific vendor was acquired by another one it might happen that
  a product gets a new CPE within the NVD CPE Dictionary but older entries are kept with the older
  CPE.","172.20.0.5|cpe:/a:f5:nginx:1.18.0
172.20.0.5|cpe:/a:nginx:nginx:1.18.0

",1.3.6.1.4.1.25623.1.0.810002,"",f17ad8c4-2e80-4091-a93d-0e8f7a384588,"SI084-S03 Escaneo audit_net v2 (Full and fast, Consider Alive)",2026-09-03T01:59:16Z,eca694cd-d0a7-47ea-8bb2-bf4d26eb3250,"","","","","
Details:
CPE Inventory
(OID: 1.3.6.1.4.1.25623.1.0.810002)
Version used: 2022-07-27T10:11:28Z
","","","",""
172.20.0.2,,,,0.0,Log,80,"","CPE Inventory","This routine uses information collected by other routines about
  CPE identities of operating systems, services and applications detected during the scan.

  Note: Some CPEs for specific products might show up twice or more in the output. Background:

  After a product got renamed or a specific vendor was acquired by another one it might happen that
  a product gets a new CPE within the NVD CPE Dictionary but older entries are kept with the older
  CPE.","172.20.0.2|cpe:/a:apache:http_server:2.4.25
172.20.0.2|cpe:/a:php:php
172.20.0.2|cpe:/o:debian:debian_linux:9

",1.3.6.1.4.1.25623.1.0.810002,"",f17ad8c4-2e80-4091-a93d-0e8f7a384588,"SI084-S03 Escaneo audit_net v2 (Full and fast, Consider Alive)",2026-09-03T01:59:16Z,8d3e6440-8c71-49c6-9db4-12b092a197a7,"","","","","
Details:
CPE Inventory
(OID: 1.3.6.1.4.1.25623.1.0.810002)
Version used: 2022-07-27T10:11:28Z
","","","",""
172.20.0.5,,80,tcp,5.0,Medium,30,"Mitigation","Enabled Directory Listing/Indexing Detection (HTTP)","The script attempts to identify directories with an enabled
  directory listing/indexing on a remote web server.","The following directories with an enabled directory listing/indexing were identified:

http://172.20.0.5/docs

Please review the content manually.
",1.3.6.1.4.1.25623.1.0.111074,"",f17ad8c4-2e80-4091-a93d-0e8f7a384588,"SI084-S03 Escaneo audit_net v2 (Full and fast, Consider Alive)",2026-09-03T01:59:16Z,7cbb7380-4c03-4dd1-b7cb-685e4ecb279c,"Based on the information shown an attacker might be able to
  gather additional info about the structure of this application.","If not needed disable the directory listing/indexing within the
  web servers config.","Web servers with an enabled directory listing/indexing.","","Checks previously detected directories on a remote web server
  if a directory listing/indexing is enabled.

  Note: This check has a low QoD (Quality of Detection) value as it is not possible to automatically
  determine if the directory listing/indexing has been enabled on purpose (which is also a valid use
  case for some software products).
Details:
Enabled Directory Listing/Indexing Detection (HTTP)
(OID: 1.3.6.1.4.1.25623.1.0.111074)
Version used: 2025-03-14T15:40:32Z
","","","",""
172.20.0.2,,80,tcp,5.0,Medium,30,"Mitigation","Enabled Directory Listing/Indexing Detection (HTTP)","The script attempts to identify directories with an enabled
  directory listing/indexing on a remote web server.","The following directories with an enabled directory listing/indexing were identified:

http://172.20.0.2/config
http://172.20.0.2/docs
http://172.20.0.2/dvwa
http://172.20.0.2/dvwa/includes
http://172.20.0.2/dvwa/includes/DBMS
http://172.20.0.2/external
http://172.20.0.2/external/phpids
http://172.20.0.2/external/phpids/0.6
http://172.20.0.2/external/phpids/0.6/docs
http://172.20.0.2/external/phpids/0.6/docs/examples
http://172.20.0.2/external/phpids/0.6/docs/examples/cakephp
http://172.20.0.2/external/phpids/0.6/docs/phpdocumentor/PHPIDS
http://172.20.0.2/external/phpids/0.6/docs/phpdocumentor/media
http://172.20.0.2/external/phpids/0.6/lib
http://172.20.0.2/external/phpids/0.6/lib/IDS
http://172.20.0.2/external/phpids/0.6/lib/IDS/Caching
http://172.20.0.2/external/phpids/0.6/lib/IDS/Config
http://172.20.0.2/external/phpids/0.6/lib/IDS/Filter
http://172.20.0.2/external/phpids/0.6/lib/IDS/Log
http://172.20.0.2/external/phpids/0.6/lib/IDS/tmp
http://172.20.0.2/external/phpids/0.6/lib/IDS/vendors
http://172.20.0.2/external/phpids/0.6/lib/IDS/vendors/htmlpurifier
http://172.20.0.2/external/phpids/0.6/tests
http://172.20.0.2/external/recaptcha

Please review the content manually.
",1.3.6.1.4.1.25623.1.0.111074,"",f17ad8c4-2e80-4091-a93d-0e8f7a384588,"SI084-S03 Escaneo audit_net v2 (Full and fast, Consider Alive)",2026-09-03T01:59:16Z,007564d0-664c-4108-8f1e-80c210f78d38,"Based on the information shown an attacker might be able to
  gather additional info about the structure of this application.","If not needed disable the directory listing/indexing within the
  web servers config.","Web servers with an enabled directory listing/indexing.","","Checks previously detected directories on a remote web server
  if a directory listing/indexing is enabled.

  Note: This check has a low QoD (Quality of Detection) value as it is not possible to automatically
  determine if the directory listing/indexing has been enabled on purpose (which is also a valid use
  case for some software products).
Details:
Enabled Directory Listing/Indexing Detection (HTTP)
(OID: 1.3.6.1.4.1.25623.1.0.111074)
Version used: 2025-03-14T15:40:32Z
","","","",""
172.20.0.3,,,,0.0,Log,80,"","Hostname Determination Reporting","The script reports information on how the hostname of the target
  was determined.","Hostname determination for IP 172.20.0.3:

Hostname|Source
172.20.0.3|IP-address
",1.3.6.1.4.1.25623.1.0.108449,"",f17ad8c4-2e80-4091-a93d-0e8f7a384588,"SI084-S03 Escaneo audit_net v2 (Full and fast, Consider Alive)",2026-09-03T01:59:16Z,bd0f1ccd-ac34-4ef1-88e5-790d9a49957b,"","","","","
Details:
Hostname Determination Reporting
(OID: 1.3.6.1.4.1.25623.1.0.108449)
Version used: 2022-07-27T10:11:28Z
","","","",""
172.20.0.5,,,,0.0,Log,80,"","Hostname Determination Reporting","The script reports information on how the hostname of the target
  was determined.","Hostname determination for IP 172.20.0.5:

Hostname|Source
172.20.0.5|IP-address
",1.3.6.1.4.1.25623.1.0.108449,"",f17ad8c4-2e80-4091-a93d-0e8f7a384588,"SI084-S03 Escaneo audit_net v2 (Full and fast, Consider Alive)",2026-09-03T01:59:16Z,37eecf4d-c787-4dff-8c7b-4f8381d89584,"","","","","
Details:
Hostname Determination Reporting
(OID: 1.3.6.1.4.1.25623.1.0.108449)
Version used: 2022-07-27T10:11:28Z
","","","",""
172.20.0.2,,,,0.0,Log,80,"","Hostname Determination Reporting","The script reports information on how the hostname of the target
  was determined.","Hostname determination for IP 172.20.0.2:

Hostname|Source
172.20.0.2|IP-address
",1.3.6.1.4.1.25623.1.0.108449,"",f17ad8c4-2e80-4091-a93d-0e8f7a384588,"SI084-S03 Escaneo audit_net v2 (Full and fast, Consider Alive)",2026-09-03T01:59:16Z,283423da-3998-4a3c-951f-31fd9694a9e0,"","","","","
Details:
Hostname Determination Reporting
(OID: 1.3.6.1.4.1.25623.1.0.108449)
Version used: 2022-07-27T10:11:28Z
","","","",""
172.20.0.4,,,,0.0,Log,80,"","Hostname Determination Reporting","The script reports information on how the hostname of the target
  was determined.","Hostname determination for IP 172.20.0.4:

Hostname|Source
172.20.0.4|IP-address
",1.3.6.1.4.1.25623.1.0.108449,"",f17ad8c4-2e80-4091-a93d-0e8f7a384588,"SI084-S03 Escaneo audit_net v2 (Full and fast, Consider Alive)",2026-09-03T01:59:16Z,02e90bbc-fd67-44ec-92e9-d0f943a4e803,"","","","","
Details:
Hostname Determination Reporting
(OID: 1.3.6.1.4.1.25623.1.0.108449)
Version used: 2022-07-27T10:11:28Z
","","","",""
172.20.0.5,,80,tcp,0.0,Log,80,"","HTTP Security Headers Detection","All known security headers are being checked on the remote web
  server.

  On completion a report will hand back whether a specific security header has been implemented
  (including its value and if it is deprecated) or is missing on the target.","Missing Headers                   | More Information
--------------------------------------------------------------------------------------------------------------------------------------------------------------------------------------------------------------
Content-Security-Policy           | https://owasp.org/www-project-secure-headers/#content-security-policy
Cross-Origin-Embedder-Policy      | https://scotthelme.co.uk/coop-and-coep/, Note: This is an upcoming header
Cross-Origin-Opener-Policy        | https://scotthelme.co.uk/coop-and-coep/, Note: This is an upcoming header
Cross-Origin-Resource-Policy      | https://scotthelme.co.uk/coop-and-coep/, Note: This is an upcoming header
Document-Policy                   | https://w3c.github.io/webappsec-feature-policy/document-policy#document-policy-http-header
Feature-Policy                    | https://owasp.org/www-project-secure-headers/#feature-policy, Note: The Feature Policy header has been renamed to Permissions Policy
Permissions-Policy                | https://w3c.github.io/webappsec-feature-policy/#permissions-policy-http-header-field
Referrer-Policy                   | https://owasp.org/www-project-secure-headers/#referrer-policy
Sec-Fetch-Dest                    | https://developer.mozilla.org/en-US/docs/Web/HTTP/Headers#fetch_metadata_request_headers, Note: This is a new header supported only in newer browsers like e.g. Firefox 90
Sec-Fetch-Mode                    | https://developer.mozilla.org/en-US/docs/Web/HTTP/Headers#fetch_metadata_request_headers, Note: This is a new header supported only in newer browsers like e.g. Firefox 90
Sec-Fetch-Site                    | https://developer.mozilla.org/en-US/docs/Web/HTTP/Headers#fetch_metadata_request_headers, Note: This is a new header supported only in newer browsers like e.g. Firefox 90
Sec-Fetch-User                    | https://developer.mozilla.org/en-US/docs/Web/HTTP/Headers#fetch_metadata_request_headers, Note: This is a new header supported only in newer browsers like e.g. Firefox 90
X-Content-Type-Options            | https://owasp.org/www-project-secure-headers/#x-content-type-options
X-Frame-Options                   | https://owasp.org/www-project-secure-headers/#x-frame-options
X-Permitted-Cross-Domain-Policies | https://owasp.org/www-project-secure-headers/#x-permitted-cross-domain-policies
X-XSS-Protection                  | https://owasp.org/www-project-secure-headers/#x-xss-protection, Note: Most major browsers have dropped / deprecated support for this header in 2020.
",1.3.6.1.4.1.25623.1.0.112081,"",f17ad8c4-2e80-4091-a93d-0e8f7a384588,"SI084-S03 Escaneo audit_net v2 (Full and fast, Consider Alive)",2026-09-03T01:59:16Z,96101b95-5b43-4d29-8dfe-ce1a1877f0af,"","","","","
Details:
HTTP Security Headers Detection
(OID: 1.3.6.1.4.1.25623.1.0.112081)
Version used: 2025-03-21T15:40:43Z
","","","",""
172.20.0.2,,80,tcp,0.0,Log,80,"","HTTP Security Headers Detection","All known security headers are being checked on the remote web
  server.

  On completion a report will hand back whether a specific security header has been implemented
  (including its value and if it is deprecated) or is missing on the target.","Missing Headers                   | More Information
--------------------------------------------------------------------------------------------------------------------------------------------------------------------------------------------------------------
Content-Security-Policy           | https://owasp.org/www-project-secure-headers/#content-security-policy
Cross-Origin-Embedder-Policy      | https://scotthelme.co.uk/coop-and-coep/, Note: This is an upcoming header
Cross-Origin-Opener-Policy        | https://scotthelme.co.uk/coop-and-coep/, Note: This is an upcoming header
Cross-Origin-Resource-Policy      | https://scotthelme.co.uk/coop-and-coep/, Note: This is an upcoming header
Document-Policy                   | https://w3c.github.io/webappsec-feature-policy/document-policy#document-policy-http-header
Feature-Policy                    | https://owasp.org/www-project-secure-headers/#feature-policy, Note: The Feature Policy header has been renamed to Permissions Policy
Permissions-Policy                | https://w3c.github.io/webappsec-feature-policy/#permissions-policy-http-header-field
Referrer-Policy                   | https://owasp.org/www-project-secure-headers/#referrer-policy
Sec-Fetch-Dest                    | https://developer.mozilla.org/en-US/docs/Web/HTTP/Headers#fetch_metadata_request_headers, Note: This is a new header supported only in newer browsers like e.g. Firefox 90
Sec-Fetch-Mode                    | https://developer.mozilla.org/en-US/docs/Web/HTTP/Headers#fetch_metadata_request_headers, Note: This is a new header supported only in newer browsers like e.g. Firefox 90
Sec-Fetch-Site                    | https://developer.mozilla.org/en-US/docs/Web/HTTP/Headers#fetch_metadata_request_headers, Note: This is a new header supported only in newer browsers like e.g. Firefox 90
Sec-Fetch-User                    | https://developer.mozilla.org/en-US/docs/Web/HTTP/Headers#fetch_metadata_request_headers, Note: This is a new header supported only in newer browsers like e.g. Firefox 90
X-Content-Type-Options            | https://owasp.org/www-project-secure-headers/#x-content-type-options
X-Frame-Options                   | https://owasp.org/www-project-secure-headers/#x-frame-options
X-Permitted-Cross-Domain-Policies | https://owasp.org/www-project-secure-headers/#x-permitted-cross-domain-policies
X-XSS-Protection                  | https://owasp.org/www-project-secure-headers/#x-xss-protection, Note: Most major browsers have dropped / deprecated support for this header in 2020.
",1.3.6.1.4.1.25623.1.0.112081,"",f17ad8c4-2e80-4091-a93d-0e8f7a384588,"SI084-S03 Escaneo audit_net v2 (Full and fast, Consider Alive)",2026-09-03T01:59:16Z,e1e08645-9ddd-4566-b221-a678914afc3a,"","","","","
Details:
HTTP Security Headers Detection
(OID: 1.3.6.1.4.1.25623.1.0.112081)
Version used: 2025-03-21T15:40:43Z
","","","",""
172.20.0.3,,3000,tcp,0.0,Log,80,"","HTTP Security Headers Detection","All known security headers are being checked on the remote web
  server.

  On completion a report will hand back whether a specific security header has been implemented
  (including its value and if it is deprecated) or is missing on the target.","Header Name            | Header Value
---------------------------------------
Feature-Policy         | payment 'self'
X-Content-Type-Options | nosniff
X-Frame-Options        | SAMEORIGIN

Missing Headers                   | More Information
--------------------------------------------------------------------------------------------------------------------------------------------------------------------------------------------------------------
Content-Security-Policy           | https://owasp.org/www-project-secure-headers/#content-security-policy
Cross-Origin-Embedder-Policy      | https://scotthelme.co.uk/coop-and-coep/, Note: This is an upcoming header
Cross-Origin-Opener-Policy        | https://scotthelme.co.uk/coop-and-coep/, Note: This is an upcoming header
Cross-Origin-Resource-Policy      | https://scotthelme.co.uk/coop-and-coep/, Note: This is an upcoming header
Document-Policy                   | https://w3c.github.io/webappsec-feature-policy/document-policy#document-policy-http-header
Permissions-Policy                | https://w3c.github.io/webappsec-feature-policy/#permissions-policy-http-header-field
Referrer-Policy                   | https://owasp.org/www-project-secure-headers/#referrer-policy
Sec-Fetch-Dest                    | https://developer.mozilla.org/en-US/docs/Web/HTTP/Headers#fetch_metadata_request_headers, Note: This is a new header supported only in newer browsers like e.g. Firefox 90
Sec-Fetch-Mode                    | https://developer.mozilla.org/en-US/docs/Web/HTTP/Headers#fetch_metadata_request_headers, Note: This is a new header supported only in newer browsers like e.g. Firefox 90
Sec-Fetch-Site                    | https://developer.mozilla.org/en-US/docs/Web/HTTP/Headers#fetch_metadata_request_headers, Note: This is a new header supported only in newer browsers like e.g. Firefox 90
Sec-Fetch-User                    | https://developer.mozilla.org/en-US/docs/Web/HTTP/Headers#fetch_metadata_request_headers, Note: This is a new header supported only in newer browsers like e.g. Firefox 90
X-Permitted-Cross-Domain-Policies | https://owasp.org/www-project-secure-headers/#x-permitted-cross-domain-policies
X-XSS-Protection                  | https://owasp.org/www-project-secure-headers/#x-xss-protection, Note: Most major browsers have dropped / deprecated support for this header in 2020.
",1.3.6.1.4.1.25623.1.0.112081,"",f17ad8c4-2e80-4091-a93d-0e8f7a384588,"SI084-S03 Escaneo audit_net v2 (Full and fast, Consider Alive)",2026-09-03T01:59:16Z,28a19417-c1dd-4436-ba1b-d49029437777,"","","","","
Details:
HTTP Security Headers Detection
(OID: 1.3.6.1.4.1.25623.1.0.112081)
Version used: 2025-03-21T15:40:43Z
","","","",""
172.20.0.2,,80,tcp,0.0,Log,80,"","HTTP Server Banner Enumeration","This script tries to detect / enumerate different HTTP server
  banner (e.g. from a frontend, backend or proxy server) by sending various different HTTP requests
  (valid and invalid ones).","It was possible to enumerate the following HTTP server banner(s):

Server banner                  | Enumeration technique
-------------------------------------------------------------------------------------------------
Server: Apache/2.4.25 (Debian) | Invalid HTTP 00.5 GET request (non-existent HTTP version) to '/'
",1.3.6.1.4.1.25623.1.0.108708,"",f17ad8c4-2e80-4091-a93d-0e8f7a384588,"SI084-S03 Escaneo audit_net v2 (Full and fast, Consider Alive)",2026-09-03T01:59:16Z,096ed741-0d52-4314-810d-883ad07d4441,"","","","","
Details:
HTTP Server Banner Enumeration
(OID: 1.3.6.1.4.1.25623.1.0.108708)
Version used: 2025-01-31T15:39:24Z
","","","",""
172.20.0.5,,80,tcp,0.0,Log,80,"","HTTP Server Banner Enumeration","This script tries to detect / enumerate different HTTP server
  banner (e.g. from a frontend, backend or proxy server) by sending various different HTTP requests
  (valid and invalid ones).","It was possible to enumerate the following HTTP server banner(s):

Server banner        | Enumeration technique
---------------------------------------------------------------------------------------
Server: nginx/1.18.0 | Invalid HTTP 00.5 GET request (non-existent HTTP version) to '/'
",1.3.6.1.4.1.25623.1.0.108708,"",f17ad8c4-2e80-4091-a93d-0e8f7a384588,"SI084-S03 Escaneo audit_net v2 (Full and fast, Consider Alive)",2026-09-03T01:59:16Z,bd3d18a4-3b23-473d-b917-8428297713ff,"","","","","
Details:
HTTP Server Banner Enumeration
(OID: 1.3.6.1.4.1.25623.1.0.108708)
Version used: 2025-01-31T15:39:24Z
","","","",""
172.20.0.2,,80,tcp,0.0,Log,80,"","HTTP Server type and version","This script detects and reports the HTTP Server's banner
  which might provide the type and version of it.","The remote HTTP Server banner is:

Server: Apache/2.4.25 (Debian)
",1.3.6.1.4.1.25623.1.0.10107,"",f17ad8c4-2e80-4091-a93d-0e8f7a384588,"SI084-S03 Escaneo audit_net v2 (Full and fast, Consider Alive)",2026-09-03T01:59:16Z,3a87a57a-b094-436f-b5e4-0a7ad4e1abca,"","","","","
Details:
HTTP Server type and version
(OID: 1.3.6.1.4.1.25623.1.0.10107)
Version used: 2023-08-01T13:29:10Z
","","","",""
172.20.0.5,,80,tcp,0.0,Log,80,"","HTTP Server type and version","This script detects and reports the HTTP Server's banner
  which might provide the type and version of it.","The remote HTTP Server banner is:

Server: nginx/1.18.0
",1.3.6.1.4.1.25623.1.0.10107,"",f17ad8c4-2e80-4091-a93d-0e8f7a384588,"SI084-S03 Escaneo audit_net v2 (Full and fast, Consider Alive)",2026-09-03T01:59:16Z,0fcb5afc-43c3-4c08-aad4-b98381fe26e5,"","","","","
Details:
HTTP Server type and version
(OID: 1.3.6.1.4.1.25623.1.0.10107)
Version used: 2023-08-01T13:29:10Z
","","","",""
172.20.0.2,,80,tcp,5.0,Medium,70,"Mitigation","Missing HttpOnly Cookie Attribute (HTTP)","The remote HTTP web server / application is missing to set the
  'HttpOnly' cookie attribute for one or more sent HTTP cookie.","The cookie(s):

Set-Cookie: PHPSESSID=***replaced***; path=/
Set-Cookie: PHPSESSID=***replaced***; path=/
Set-Cookie: security=low

is/are missing the ""HttpOnly"" cookie attribute.
",1.3.6.1.4.1.25623.1.0.105925,"",f17ad8c4-2e80-4091-a93d-0e8f7a384588,"SI084-S03 Escaneo audit_net v2 (Full and fast, Consider Alive)",2026-09-03T01:59:16Z,333abfb4-448e-42a6-9122-5c346d3979fb,"","'- Set the 'HttpOnly' cookie attribute for any session cookie

  - Evaluate / do an own assessment of the security impact on the web server / application and create
  an override for this result if there is none (this can't be checked automatically by this VT)","Any web application with session handling in cookies.","The flaw exists if a session cookie is not using the 'HttpOnly'
  cookie attribute.

  This allows a cookie to be accessed by JavaScript which could lead to session hijacking
  attacks.","Checks all cookies sent by the remote HTTP web server /
  application for a missing 'HttpOnly' cookie attribute.
Details:
Missing 'HttpOnly' Cookie Attribute (HTTP)
(OID: 1.3.6.1.4.1.25623.1.0.105925)
Version used: 2024-01-12T16:12:12Z
","","","",""
172.20.0.5,,80,tcp,7.7,High,30,"VendorFix","nginx 0.6.18 - 1.20.0 1-byte Memory Overwrite Vulnerability","nginx is prone to a 1-byte memory overwrite vulnerability.","Installed version: 1.18.0
Fixed version:     1.20.1/1.21.0
Installation
path / port:       80/tcp

",1.3.6.1.4.1.25623.1.0.117455,"",f17ad8c4-2e80-4091-a93d-0e8f7a384588,"SI084-S03 Escaneo audit_net v2 (Full and fast, Consider Alive)",2026-09-03T01:59:16Z,5a1bc692-0f90-438b-b6b8-adca7b1dba64,"","Update to version 1.20.1, 1.21.0 or later.","nginx version 0.6.18 through 1.20.0.

  Note: The issue only affects nginx if the 'resolver' directive is used in the configuration file.
  Further, the attack is only possible if an attacker is able to forge UDP packets from the DNS
  server.","A security issue in nginx resolver was identified, which might
  allow an attacker to cause 1-byte memory overwrite by using a specially crafted DNS response,
  resulting in worker process crash or, potentially, in arbitrary code execution.","Checks if a vulnerable version is present on the target host.
Details:
nginx 0.6.18 - 1.20.0 1-byte Memory Overwrite Vulnerability
(OID: 1.3.6.1.4.1.25623.1.0.117455)
Version used: 2022-09-15T10:11:07Z
","Product: cpe:/a:nginx:nginx:1.18.0
Method: nginx Detection Consolidation
(OID: 1.3.6.1.4.1.25623.1.0.113787)
","","DFN-CERT-2024-2681,DFN-CERT-2022-1571,DFN-CERT-2021-2403,DFN-CERT-2021-2216,DFN-CERT-2021-2167,DFN-CERT-2021-1164,DFN-CERT-2021-1146,WID-SEC-2022-1308,WID-SEC-2022-0676,WID-SEC-2022-0624,WID-SEC-2022-0623,WID-SEC-2022-0463,CB-K21/1268,CB-K21/0925",""
172.20.0.5,,80,tcp,3.7,Low,30,"VendorFix","Nginx 0.7.22 - 1.29.0 Information Disclosure Vulnerability","Nginx is prone to an information disclosure vulnerability.","Installed version: 1.18.0
Fixed version:     1.29.1
Installation
path / port:       80/tcp

",1.3.6.1.4.1.25623.1.0.124888,"",f17ad8c4-2e80-4091-a93d-0e8f7a384588,"SI084-S03 Escaneo audit_net v2 (Full and fast, Consider Alive)",2026-09-03T01:59:16Z,dcfc52da-b95d-496d-9823-1b33e071d32d,"This vulnerability may allow a remote, unauthenticated attacker
  to cause a leak of arbitrary bytes during the NGINX SMTP authentication process. There is no
  control plane exposure this is a data plane issue only.","Update to version 1.29.1 or later.","Nginx versions 0.7.22 through 1.29.0.","In the ngx_mail_smtp_module that might allow an unauthenticated
  attacker to over-read NGINX SMTP authentication process memory as a result, the server side may
  leak arbitrary bytes sent in a request to the authentication server. This issue happens during
  the NGINX SMTP authentication process and requires the attacker to make preparations against the
  target system to extract the leaked data.","Checks if a vulnerable version is present on the target host.
Details:
Nginx 0.7.22 - 1.29.0 Information Disclosure Vulnerability
(OID: 1.3.6.1.4.1.25623.1.0.124888)
Version used: 2025-10-22T05:39:59Z
","Product: cpe:/a:nginx:nginx:1.18.0
Method: nginx Detection Consolidation
(OID: 1.3.6.1.4.1.25623.1.0.113787)
","","DFN-CERT-2026-2418,DFN-CERT-2026-2065,DFN-CERT-2025-2449,DFN-CERT-2025-2213,WID-SEC-2026-2933,WID-SEC-2025-1817",""
172.20.0.5,,80,tcp,4.3,Medium,30,"VendorFix","Nginx 1.11.4 - 1.27.3 TLS Session Resumption Vulnerability","Nginx is prone to a TLS session resumption vulnerability.","Installed version: 1.18.0
Fixed version:     1.26.3
Installation
path / port:       80/tcp

",1.3.6.1.4.1.25623.1.0.153971,"",f17ad8c4-2e80-4091-a93d-0e8f7a384588,"SI084-S03 Escaneo audit_net v2 (Full and fast, Consider Alive)",2026-09-03T01:59:16Z,a93eaddf-01b3-47e8-a3d7-c6cfcfa416fc,"This vulnerability can lead to the exposure of resources or
  functionality to unintended actors, possibly providing attackers with limited access to sensitive
  information.","Update to version 1.26.3, 1.27.4 or later.","Nginx versions 1.11.4 through 1.27.3.","When name-based virtual hosts are configured to share the same
  IP address and port combination, with TLS 1.3 and OpenSSL, a previously authenticated attacker
  can use session resumption to bypass client certificate authentication requirements on these
  servers. This vulnerability arises when TLS session tickets are used and/or the SSL session cache
  is used in the default virtual server and the default virtual server is performing client
  certificate authentication. This issue affects both the NGINX http and NGINX stream modules.","Checks if a vulnerable version is present on the target host.
Details:
Nginx 1.11.4 - 1.27.3 TLS Session Resumption Vulnerability
(OID: 1.3.6.1.4.1.25623.1.0.153971)
Version used: 2025-11-04T05:40:22Z
","Product: cpe:/a:nginx:nginx:1.18.0
Method: nginx Detection Consolidation
(OID: 1.3.6.1.4.1.25623.1.0.113787)
","","DFN-CERT-2025-2449,DFN-CERT-2025-0748,DFN-CERT-2025-0313,WID-SEC-2025-0287,WID-SEC-2025-0274",""
172.20.0.5,,80,tcp,4.7,Medium,30,"VendorFix","Nginx 1.5.13 - 1.27.0 Buffer Overread Vulnerability","Nginx is prone to a buffer overread in the
  ngx_http_mp4_module.","Installed version: 1.18.0
Fixed version:     1.26.2
Installation
path / port:       80/tcp

",1.3.6.1.4.1.25623.1.0.114764,"",f17ad8c4-2e80-4091-a93d-0e8f7a384588,"SI084-S03 Escaneo audit_net v2 (Full and fast, Consider Alive)",2026-09-03T01:59:16Z,dd42fd72-996f-4ae4-99d1-8faa84fafd46,"Traffic is disrupted while the worker process restarts. This
  vulnerability allows a local, authenticated attacker to cause a denial-of-service (DoS).","Update to version 1.26.2, 1.27.1 or later.","Nginx versions 1.5.13 through 1.27.0.","The product has a vulnerability in the ngx_http_mp4_module,
  which might allow an attacker to over-read worker memory resulting in its termination, using a
  specially crafted mp4 file. The issue only affects the product if it is built with the
  ngx_http_mp4_module and the mp4 directive is used in the configuration file. Additionally, the
  attack is possible only if an attacker can trigger the processing of a specially crafted mp4 file
  with the ngx_http_mp4_module.","Checks if a vulnerable version is present on the target host.
Details:
Nginx 1.5.13 - 1.27.0 Buffer Overread Vulnerability
(OID: 1.3.6.1.4.1.25623.1.0.114764)
Version used: 2025-09-08T05:38:50Z
","Product: cpe:/a:nginx:nginx:1.18.0
Method: nginx Detection Consolidation
(OID: 1.3.6.1.4.1.25623.1.0.113787)
","","DFN-CERT-2025-1244,DFN-CERT-2025-0748,DFN-CERT-2025-0267,DFN-CERT-2024-2149,WID-SEC-2024-1863",""
172.20.0.5,,80,tcp,7.5,High,30,"WillNotFix","nginx <= 1.21.1 Information Disclosure Vulnerability","nginx is prone to an information disclosure vulnerability.","Installed version: 1.18.0
Fixed version:     None
Installation
path / port:       80/tcp

",1.3.6.1.4.1.25623.1.0.117523,"",f17ad8c4-2e80-4091-a93d-0e8f7a384588,"SI084-S03 Escaneo audit_net v2 (Full and fast, Consider Alive)",2026-09-03T01:59:16Z,94da166a-3fef-4e81-96bb-cf7eb1151acb,"","No known solution was made available for at least one year since
  the disclosure of this vulnerability. Likely none will be provided anymore. General solution options
  are to upgrade to a newer release, disable respective features, remove the product or replace the
  product by another one.","nginx up to the most recent version 1.21.1.","The default configuration of nginx uses world-readable
  permissions for the access.log and error.log files, which allows local users to obtain sensitive
  information by reading the files.","Checks if a vulnerable version is present on the target host.
Details:
nginx <= 1.21.1 Information Disclosure Vulnerability
(OID: 1.3.6.1.4.1.25623.1.0.117523)
Version used: 2022-08-08T10:24:51Z
","Product: cpe:/a:nginx:nginx:1.18.0
Method: nginx Detection Consolidation
(OID: 1.3.6.1.4.1.25623.1.0.113787)
","","DFN-CERT-2013-0474",""
172.20.0.5,,,,0.0,Log,80,"","nginx Detection Consolidation","Consolidation of Nginx detections.","Detected Nginx

Version:       1.18.0
Location:      80/tcp
CPE:           cpe:/a:nginx:nginx:1.18.0

Concluded from version/product identification result:
Server: nginx/1.18.0
",1.3.6.1.4.1.25623.1.0.113787,"",f17ad8c4-2e80-4091-a93d-0e8f7a384588,"SI084-S03 Escaneo audit_net v2 (Full and fast, Consider Alive)",2026-09-03T01:59:16Z,5783f5fe-a5f3-4a2e-be03-64ae99ce4d75,"","","","","
Details:
nginx Detection Consolidation
(OID: 1.3.6.1.4.1.25623.1.0.113787)
Version used: 2026-06-18T07:15:20Z
","","","",""
172.20.0.5,,80,tcp,7.8,High,30,"VendorFix","Nginx Multiple Vulnerabilities (Oct 2022)","Nginx is prone to multiple vulnerabilities.","Installed version: 1.18.0
Fixed version:     1.22.1/1.23.2
Installation
path / port:       80/tcp

",1.3.6.1.4.1.25623.1.0.126185,"",f17ad8c4-2e80-4091-a93d-0e8f7a384588,"SI084-S03 Escaneo audit_net v2 (Full and fast, Consider Alive)",2026-09-03T01:59:16Z,9e00fe47-8e8b-4e75-bab7-c3da62f2bc47,"","Update to version 1.22.1, 1.23.2 or later.","Nginx versions 1.0.7 and later, 1.1.3 and later.

  Note: The issues only affect nginx if it is built with the ngx_http_mp4_module which is not built
  by default, and the mp4 directive is used in the configuration file.","The following vulnerabilities exist:

  - CVE-2022-41741: Attacker can cause a worker process crash or worker process memory corruption by
  using a specially crafted mp4 file.

  - CVE-2022-41742: Attacker can cause a worker process crash or worker process memory disclosure by
  using a specially crafted mp4 file.","Checks if a vulnerable version is present on the target host.
Details:
Nginx Multiple Vulnerabilities (Oct 2022)
(OID: 1.3.6.1.4.1.25623.1.0.126185)
Version used: 2023-10-19T05:05:21Z
","Product: cpe:/a:nginx:nginx:1.18.0
Method: nginx Detection Consolidation
(OID: 1.3.6.1.4.1.25623.1.0.113787)
","","DFN-CERT-2025-1244,DFN-CERT-2024-2681,DFN-CERT-2022-2662,DFN-CERT-2022-2328,WID-SEC-2024-1591,WID-SEC-2022-1803",""
172.20.0.5,,,,0.0,Log,80,"","OS Detection Consolidation and Reporting","This script consolidates the OS information detected by several
  VTs and tries to find the best matching OS.

  Furthermore it reports all previously collected information leading to this best matching OS. It
  also reports possible additional information which might help to improve the OS detection.

  If any of this information is wrong or could be improved please consider to report these to the
  referenced community forum.","No Best matching OS identified. Please see the VT 'Unknown OS and Service Banner Reporting' (OID: 1.3.6.1.4.1.25623.1.0.108441) for possible ways to identify this OS.
",1.3.6.1.4.1.25623.1.0.105937,"",f17ad8c4-2e80-4091-a93d-0e8f7a384588,"SI084-S03 Escaneo audit_net v2 (Full and fast, Consider Alive)",2026-09-03T01:59:16Z,1013b166-732d-422d-b57c-c19f3e6bf2d0,"","","","","
Details:
OS Detection Consolidation and Reporting
(OID: 1.3.6.1.4.1.25623.1.0.105937)
Version used: 2026-09-02T05:46:18Z
","","","",""
172.20.0.2,,,,0.0,Log,80,"","OS Detection Consolidation and Reporting","This script consolidates the OS information detected by several
  VTs and tries to find the best matching OS.

  Furthermore it reports all previously collected information leading to this best matching OS. It
  also reports possible additional information which might help to improve the OS detection.

  If any of this information is wrong or could be improved please consider to report these to the
  referenced community forum.","Best matching OS:

OS:           Debian GNU/Linux 9
Version:      9
CPE:          cpe:/o:debian:debian_linux:9
Found by VT:  1.3.6.1.4.1.25623.1.0.111067 (Operating System (OS) Detection (HTTP))
Concluded from HTTP Server banner on port 80/tcp: Server: Apache/2.4.25 (Debian)
Setting key ""Host/runs_unixoide"" based on this information
",1.3.6.1.4.1.25623.1.0.105937,"",f17ad8c4-2e80-4091-a93d-0e8f7a384588,"SI084-S03 Escaneo audit_net v2 (Full and fast, Consider Alive)",2026-09-03T01:59:16Z,4c6b8cec-1a3e-4eab-aa86-64bb0a5539b5,"","","","","
Details:
OS Detection Consolidation and Reporting
(OID: 1.3.6.1.4.1.25623.1.0.105937)
Version used: 2026-09-02T05:46:18Z
","","","",""
172.20.0.3,,,,0.0,Log,80,"","OS Detection Consolidation and Reporting","This script consolidates the OS information detected by several
  VTs and tries to find the best matching OS.

  Furthermore it reports all previously collected information leading to this best matching OS. It
  also reports possible additional information which might help to improve the OS detection.

  If any of this information is wrong or could be improved please consider to report these to the
  referenced community forum.","No Best matching OS identified. Please see the VT 'Unknown OS and Service Banner Reporting' (OID: 1.3.6.1.4.1.25623.1.0.108441) for possible ways to identify this OS.
",1.3.6.1.4.1.25623.1.0.105937,"",f17ad8c4-2e80-4091-a93d-0e8f7a384588,"SI084-S03 Escaneo audit_net v2 (Full and fast, Consider Alive)",2026-09-03T01:59:16Z,4f71df17-a68d-41a6-bdc3-9582ea9d32ac,"","","","","
Details:
OS Detection Consolidation and Reporting
(OID: 1.3.6.1.4.1.25623.1.0.105937)
Version used: 2026-09-02T05:46:18Z
","","","",""
172.20.0.4,,,,0.0,Log,80,"","OS Detection Consolidation and Reporting","This script consolidates the OS information detected by several
  VTs and tries to find the best matching OS.

  Furthermore it reports all previously collected information leading to this best matching OS. It
  also reports possible additional information which might help to improve the OS detection.

  If any of this information is wrong or could be improved please consider to report these to the
  referenced community forum.","No Best matching OS identified. Please see the VT 'Unknown OS and Service Banner Reporting' (OID: 1.3.6.1.4.1.25623.1.0.108441) for possible ways to identify this OS.
",1.3.6.1.4.1.25623.1.0.105937,"",f17ad8c4-2e80-4091-a93d-0e8f7a384588,"SI084-S03 Escaneo audit_net v2 (Full and fast, Consider Alive)",2026-09-03T01:59:16Z,257ed182-922a-4655-8d81-3efa2a501c7b,"","","","","
Details:
OS Detection Consolidation and Reporting
(OID: 1.3.6.1.4.1.25623.1.0.105937)
Version used: 2026-09-02T05:46:18Z
","","","",""
172.20.0.2,,,,0.0,Log,80,"","PHP Detection Consolidation","Consolidation of PHP detections.","Detected PHP

Version:       unknown
Location:      80/tcp
CPE:           cpe:/a:php:php

Concluded from version/product identification result:
PHPSESSID Session-Cookie
",1.3.6.1.4.1.25623.1.0.171722,"",f17ad8c4-2e80-4091-a93d-0e8f7a384588,"SI084-S03 Escaneo audit_net v2 (Full and fast, Consider Alive)",2026-09-03T01:59:16Z,96a3565b-0a31-48bc-b773-2232be76929a,"","","","","
Details:
PHP Detection Consolidation
(OID: 1.3.6.1.4.1.25623.1.0.171722)
Version used: 2025-09-24T05:39:03Z
","","","",""
172.20.0.3,,3000,tcp,0.0,Log,80,"","Response Time / No 404 Error Code Check","This VT tests if the remote web server does not reply with a 404
  error code and checks if it is replying to the scanners requests in a reasonable amount of time.","The service is responding with a 200 HTTP status code to non-existent files/urls. The following pattern is used to work around possible false detections:
-----
404
-----
",1.3.6.1.4.1.25623.1.0.10386,"",f17ad8c4-2e80-4091-a93d-0e8f7a384588,"SI084-S03 Escaneo audit_net v2 (Full and fast, Consider Alive)",2026-09-03T01:59:16Z,36519053-1f4c-48c4-b002-3c9e5d922cf1,"","","","This web server might show the following issues:

  - it is [mis]configured in that it does not return '404 Not Found' error codes when a non-existent
  file is requested, perhaps returning a site map, search page, authentication page or redirect instead.

  The Scanner might enabled some counter measures for that, however they might be insufficient. If a
  great number of security issues are reported for this port, they might not all be accurate.

  - it doesn't response in a reasonable amount of time to various HTTP requests sent by this VT.

  In order to keep the scan total time to a reasonable amount, the remote web server might not be
  tested. If the remote server should be tested it has to be fixed to have it reply to the scanners
  requests in a reasonable amount of time.

  Alternatively the 'Maximum response time (in seconds)' preference could be raised to a higher
  value if longer scan times are accepted.","
Details:
Response Time / No 404 Error Code Check
(OID: 1.3.6.1.4.1.25623.1.0.10386)
Version used: 2025-04-11T15:45:04Z
","","","",""
172.20.0.2,,80,tcp,0.0,Log,80,"Mitigation","robot.txt / robots.txt exists on the Web Server (HTTP)","Web Servers can use a file called /robot(s).txt to ask search engines
  to ignore certain files and directories. By nature this file can not be used to protect private files
  from public read access.","The file 'http://172.20.0.2/robots.txt' contains the following:

User-agent: *
Disallow: /
",1.3.6.1.4.1.25623.1.0.10302,"",f17ad8c4-2e80-4091-a93d-0e8f7a384588,"SI084-S03 Escaneo audit_net v2 (Full and fast, Consider Alive)",2026-09-03T01:59:16Z,9df26d98-4756-4ed7-870e-636fac43275c,"","Review the content of the /robot(s).txt file and consider removing the
  files from the server or protect them in other ways in case you actually intended non-public availability.","","Any serious web search engine will honor the /robot(s).txt file
  and not scan the files and directories listed there.

  Any entries listed in this file are not even hidden anymore.","
Details:
robot.txt / robots.txt exists on the Web Server (HTTP)
(OID: 1.3.6.1.4.1.25623.1.0.10302)
Version used: 2024-02-26T14:36:40Z
","","","",""
172.20.0.3,,3000,tcp,0.0,Log,80,"Mitigation","robot.txt / robots.txt exists on the Web Server (HTTP)","Web Servers can use a file called /robot(s).txt to ask search engines
  to ignore certain files and directories. By nature this file can not be used to protect private files
  from public read access.","The file 'http://172.20.0.3:3000/robots.txt' contains the following:

User-agent: *
Disallow: /ftp
",1.3.6.1.4.1.25623.1.0.10302,"",f17ad8c4-2e80-4091-a93d-0e8f7a384588,"SI084-S03 Escaneo audit_net v2 (Full and fast, Consider Alive)",2026-09-03T01:59:16Z,a19eba77-5186-4ce5-a79d-24b0fd1a6985,"","Review the content of the /robot(s).txt file and consider removing the
  files from the server or protect them in other ways in case you actually intended non-public availability.","","Any serious web search engine will honor the /robot(s).txt file
  and not scan the files and directories listed there.

  Any entries listed in this file are not even hidden anymore.","
Details:
robot.txt / robots.txt exists on the Web Server (HTTP)
(OID: 1.3.6.1.4.1.25623.1.0.10302)
Version used: 2024-02-26T14:36:40Z
","","","",""
172.20.0.3,,3000,tcp,0.0,Log,80,"","security.txt Detection (HTTP)","Detects a security.txt endpoint.","The file 'http://172.20.0.3:3000/.well-known/security.txt' contains the following:

Contact: mailto:donotreply@owasp-juice.shop
Encryption: https://keybase.io/bkimminich/pgp_keys.asc?fingerprint=19c01cb7157e4645e9e2c863062a85a8cbfbdcda
Acknowledgements: /#/score-board
Preferred-languages: en, ar, az, bg, bn, ca, cs, da, de, ga, el, es, et, fi, fr, ka, he, hi, hu, id, it, ja, ko, lv, my, nl, no, pl, pt, ro, ru, si, sv, th, tr, uk, zh
Hiring: /#/jobs
Csaf: http://localhost:3000/.well-known/csaf/provider-metadata.json
Expires: Fri, 03 Sep 2027 01:04:07 GMT
",1.3.6.1.4.1.25623.1.0.102093,"",f17ad8c4-2e80-4091-a93d-0e8f7a384588,"SI084-S03 Escaneo audit_net v2 (Full and fast, Consider Alive)",2026-09-03T01:59:16Z,3bdd9d4e-63fd-47fa-91f1-3aa6efa9a437,"","","","The security.txt endpoint enables website operators to publish
  contact information, disclosure policies, and other security-related information for security
  researchers.","Sends HTTP GET requests to '/.well-known/security.txt' and
  '/security.txt' (legacy compatibility) to determine whether a security.txt endpoint is exposed by
  the target web server. If both endpoints are present, the standardized '/.well-known/security.txt'
  endpoint is reported.
Details:
security.txt Detection (HTTP)
(OID: 1.3.6.1.4.1.25623.1.0.102093)
Version used: 2026-07-17T16:01:51Z
","","","",""
172.20.0.5,,80,tcp,0.0,Log,80,"","Services","This plugin performs service detection.","A web server is running on this port
",1.3.6.1.4.1.25623.1.0.10330,"",f17ad8c4-2e80-4091-a93d-0e8f7a384588,"SI084-S03 Escaneo audit_net v2 (Full and fast, Consider Alive)",2026-09-03T01:59:16Z,579c76fd-960c-49b5-a962-c78f22b4b332,"","","","This plugin attempts to guess which service is running on the
  remote port(s). For instance, it searches for a web server which could listen on another port than
  80 or 443 and makes this information available for other check routines.","
Details:
Services
(OID: 1.3.6.1.4.1.25623.1.0.10330)
Version used: 2025-03-05T05:38:53Z
","","","",""
172.20.0.2,,80,tcp,0.0,Log,80,"","Services","This plugin performs service detection.","A web server is running on this port
",1.3.6.1.4.1.25623.1.0.10330,"",f17ad8c4-2e80-4091-a93d-0e8f7a384588,"SI084-S03 Escaneo audit_net v2 (Full and fast, Consider Alive)",2026-09-03T01:59:16Z,a6a6e7e9-840e-4517-a5ba-d30b980de1f9,"","","","This plugin attempts to guess which service is running on the
  remote port(s). For instance, it searches for a web server which could listen on another port than
  80 or 443 and makes this information available for other check routines.","
Details:
Services
(OID: 1.3.6.1.4.1.25623.1.0.10330)
Version used: 2025-03-05T05:38:53Z
","","","",""
172.20.0.3,,3000,tcp,0.0,Log,80,"","Services","This plugin performs service detection.","A web server is running on this port
",1.3.6.1.4.1.25623.1.0.10330,"",f17ad8c4-2e80-4091-a93d-0e8f7a384588,"SI084-S03 Escaneo audit_net v2 (Full and fast, Consider Alive)",2026-09-03T01:59:16Z,cb9cc9ef-5f08-40a5-89f3-83e22bab615a,"","","","This plugin attempts to guess which service is running on the
  remote port(s). For instance, it searches for a web server which could listen on another port than
  80 or 443 and makes this information available for other check routines.","
Details:
Services
(OID: 1.3.6.1.4.1.25623.1.0.10330)
Version used: 2025-03-05T05:38:53Z
","","","",""
172.20.0.3,,3000,tcp,5.0,Medium,50,"VendorFix","TCP Sequence Number Approximation Reset DoS Vulnerability (Apr 2004)","Various TCP services of different vendors are prone to a denial
  of service (DoS) vulnerability.","Vulnerability was detected according to the Vulnerability Detection Method.",1.3.6.1.4.1.25623.1.0.902815,"",f17ad8c4-2e80-4091-a93d-0e8f7a384588,"SI084-S03 Escaneo audit_net v2 (Full and fast, Consider Alive)",2026-09-03T01:59:16Z,7e2f474a-6a66-48e5-951f-a7e64aa8dd37,"Successful exploitation will allow remote attackers to guess
  sequence numbers and cause a denial of service to persistent TCP connections by repeatedly
  injecting a TCP RST packet.","'- Please see the referenced advisories for more information on
  obtaining and applying fixes

  - Please contact the relevant vendor for more background information","The TCP/IP v4 stack of various products / vendors including:

  - Microsoft Windows

  - Cisco

  - Juniper Networks Junos OS

  - IBM AIX

  are known to be affected. Other products or vendors might be affected as well.","The flaw is triggered when spoofed TCP Reset packets are
  received by the targeted TCP stack and will result in loss of availability for the attacked TCP
  services.","A TCP Reset packet with a different sequence number is sent to
  the target. A previously open connection is then checked to see if the target closed it or not.

  Note: At least one open TCP port needs to be available and detected at the target host for this
  vulnerability check.
Details:
TCP Sequence Number Approximation Reset DoS Vulnerability (Apr 2004)
(OID: 1.3.6.1.4.1.25623.1.0.902815)
Version used: 2025-07-29T05:44:59Z
","","","DFN-CERT-2021-2481,DFN-CERT-2020-1087,DFN-CERT-2017-0719,DFN-CERT-2017-0305,DFN-CERT-2017-0249,DFN-CERT-2017-0171,DFN-CERT-2015-0082,DFN-CERT-2014-1217,DFN-CERT-2014-0890,CB-K17/0697,CB-K17/0297,CB-K17/0238,CB-K17/0168,CB-K15/0080,CB-K14/1162,CB-K14/0852",""
172.20.0.5,,,,2.6,Low,80,"Mitigation","TCP Timestamps Information Disclosure","The remote host implements TCP timestamps and therefore allows
  to compute the uptime.","It was detected that the host implements RFC1323/RFC7323.

The following timestamps were retrieved with a delay of 1 seconds in-between:
Packet 1: 2529374768
Packet 2: 2768608031
",1.3.6.1.4.1.25623.1.0.80091,"",f17ad8c4-2e80-4091-a93d-0e8f7a384588,"SI084-S03 Escaneo audit_net v2 (Full and fast, Consider Alive)",2026-09-03T01:59:16Z,234cacfc-fb66-466c-a8f0-8c12129b9fd1,"A side effect of this feature is that the uptime of the remote
  host can sometimes be computed.","To disable TCP timestamps on linux add the line
  'net.ipv4.tcp_timestamps = 0' to /etc/sysctl.conf. Execute 'sysctl -p' to apply the settings at
  runtime.

  To disable TCP timestamps on Windows execute 'netsh int tcp set global timestamps=disabled'

  Starting with Windows Server 2008 and Vista, the timestamp can not be completely disabled.

  The default behavior of the TCP/IP stack on this Systems is to not use the Timestamp options when
  initiating TCP connections, but use them if the TCP peer that is initiating communication includes
  them in their synchronize (SYN) segment.

  See the references for more information.","TCP implementations that implement RFC1323/RFC7323.","The remote host implements TCP timestamps, as defined by
  RFC1323/RFC7323.","Special IP packets are forged and sent with a little delay in
  between to the target IP. The responses are searched for a timestamps. If found, the timestamps
  are reported.
Details:
TCP Timestamps Information Disclosure
(OID: 1.3.6.1.4.1.25623.1.0.80091)
Version used: 2023-12-15T16:10:08Z
","","","",""
172.20.0.2,,,,2.6,Low,80,"Mitigation","TCP Timestamps Information Disclosure","The remote host implements TCP timestamps and therefore allows
  to compute the uptime.","It was detected that the host implements RFC1323/RFC7323.

The following timestamps were retrieved with a delay of 1 seconds in-between:
Packet 1: 3752714357
Packet 2: 4203070486
",1.3.6.1.4.1.25623.1.0.80091,"",f17ad8c4-2e80-4091-a93d-0e8f7a384588,"SI084-S03 Escaneo audit_net v2 (Full and fast, Consider Alive)",2026-09-03T01:59:16Z,71412fbf-6564-4740-a7ec-717705738dc9,"A side effect of this feature is that the uptime of the remote
  host can sometimes be computed.","To disable TCP timestamps on linux add the line
  'net.ipv4.tcp_timestamps = 0' to /etc/sysctl.conf. Execute 'sysctl -p' to apply the settings at
  runtime.

  To disable TCP timestamps on Windows execute 'netsh int tcp set global timestamps=disabled'

  Starting with Windows Server 2008 and Vista, the timestamp can not be completely disabled.

  The default behavior of the TCP/IP stack on this Systems is to not use the Timestamp options when
  initiating TCP connections, but use them if the TCP peer that is initiating communication includes
  them in their synchronize (SYN) segment.

  See the references for more information.","TCP implementations that implement RFC1323/RFC7323.","The remote host implements TCP timestamps, as defined by
  RFC1323/RFC7323.","Special IP packets are forged and sent with a little delay in
  between to the target IP. The responses are searched for a timestamps. If found, the timestamps
  are reported.
Details:
TCP Timestamps Information Disclosure
(OID: 1.3.6.1.4.1.25623.1.0.80091)
Version used: 2023-12-15T16:10:08Z
","","","",""
172.20.0.3,,,,2.6,Low,80,"Mitigation","TCP Timestamps Information Disclosure","The remote host implements TCP timestamps and therefore allows
  to compute the uptime.","It was detected that the host implements RFC1323/RFC7323.

The following timestamps were retrieved with a delay of 1 seconds in-between:
Packet 1: 2807001772
Packet 2: 2946894451
",1.3.6.1.4.1.25623.1.0.80091,"",f17ad8c4-2e80-4091-a93d-0e8f7a384588,"SI084-S03 Escaneo audit_net v2 (Full and fast, Consider Alive)",2026-09-03T01:59:16Z,9006f5aa-d878-4434-b303-2cfb96bb35bc,"A side effect of this feature is that the uptime of the remote
  host can sometimes be computed.","To disable TCP timestamps on linux add the line
  'net.ipv4.tcp_timestamps = 0' to /etc/sysctl.conf. Execute 'sysctl -p' to apply the settings at
  runtime.

  To disable TCP timestamps on Windows execute 'netsh int tcp set global timestamps=disabled'

  Starting with Windows Server 2008 and Vista, the timestamp can not be completely disabled.

  The default behavior of the TCP/IP stack on this Systems is to not use the Timestamp options when
  initiating TCP connections, but use them if the TCP peer that is initiating communication includes
  them in their synchronize (SYN) segment.

  See the references for more information.","TCP implementations that implement RFC1323/RFC7323.","The remote host implements TCP timestamps, as defined by
  RFC1323/RFC7323.","Special IP packets are forged and sent with a little delay in
  between to the target IP. The responses are searched for a timestamps. If found, the timestamps
  are reported.
Details:
TCP Timestamps Information Disclosure
(OID: 1.3.6.1.4.1.25623.1.0.80091)
Version used: 2023-12-15T16:10:08Z
","","","",""
172.20.0.5,,,,0.0,Log,80,"","Traceroute","Collect information about the network route and
  network distance between the scanner host and the target host.","Network route from scanner (172.21.0.13) to target (172.20.0.5):

172.21.0.13
172.20.0.5

Network distance between scanner and target: 2
",1.3.6.1.4.1.25623.1.0.51662,"",f17ad8c4-2e80-4091-a93d-0e8f7a384588,"SI084-S03 Escaneo audit_net v2 (Full and fast, Consider Alive)",2026-09-03T01:59:16Z,48c024ec-30e7-450c-834c-a5ec53060efd,"","","","For internal networks, the distances are usually
  small, often less than 4 hosts between scanner and target. For public targets the
  distance is greater and might be 10 hosts or more.","A combination of the protocols ICMP and TCP is used
  to determine the route. This method is applicable for IPv4 only and it is also known as
  'traceroute'.
Details:
Traceroute
(OID: 1.3.6.1.4.1.25623.1.0.51662)
Version used: 2022-10-17T11:13:19Z
","","","",""
172.20.0.3,,,,0.0,Log,80,"","Traceroute","Collect information about the network route and
  network distance between the scanner host and the target host.","Network route from scanner (172.21.0.13) to target (172.20.0.3):

172.21.0.13
172.20.0.3

Network distance between scanner and target: 2
",1.3.6.1.4.1.25623.1.0.51662,"",f17ad8c4-2e80-4091-a93d-0e8f7a384588,"SI084-S03 Escaneo audit_net v2 (Full and fast, Consider Alive)",2026-09-03T01:59:16Z,ba6e8479-863e-404e-9594-0aff60fb059c,"","","","For internal networks, the distances are usually
  small, often less than 4 hosts between scanner and target. For public targets the
  distance is greater and might be 10 hosts or more.","A combination of the protocols ICMP and TCP is used
  to determine the route. This method is applicable for IPv4 only and it is also known as
  'traceroute'.
Details:
Traceroute
(OID: 1.3.6.1.4.1.25623.1.0.51662)
Version used: 2022-10-17T11:13:19Z
","","","",""
172.20.0.4,,,,0.0,Log,80,"","Traceroute","Collect information about the network route and
  network distance between the scanner host and the target host.","Network route from scanner (172.21.0.13) to target (172.20.0.4):

172.21.0.13
?

Network distance between scanner and target: 2
",1.3.6.1.4.1.25623.1.0.51662,"",f17ad8c4-2e80-4091-a93d-0e8f7a384588,"SI084-S03 Escaneo audit_net v2 (Full and fast, Consider Alive)",2026-09-03T01:59:16Z,5833c1ae-6b28-4fb7-852e-ec4c5e4c0119,"","","","For internal networks, the distances are usually
  small, often less than 4 hosts between scanner and target. For public targets the
  distance is greater and might be 10 hosts or more.","A combination of the protocols ICMP and TCP is used
  to determine the route. This method is applicable for IPv4 only and it is also known as
  'traceroute'.
Details:
Traceroute
(OID: 1.3.6.1.4.1.25623.1.0.51662)
Version used: 2022-10-17T11:13:19Z
","","","",""
172.20.0.2,,,,0.0,Log,80,"","Traceroute","Collect information about the network route and
  network distance between the scanner host and the target host.","Network route from scanner (172.21.0.13) to target (172.20.0.2):

172.21.0.13
172.20.0.2

Network distance between scanner and target: 2
",1.3.6.1.4.1.25623.1.0.51662,"",f17ad8c4-2e80-4091-a93d-0e8f7a384588,"SI084-S03 Escaneo audit_net v2 (Full and fast, Consider Alive)",2026-09-03T01:59:16Z,944fbd9a-6465-44e2-83e2-e065eab3b7db,"","","","For internal networks, the distances are usually
  small, often less than 4 hosts between scanner and target. For public targets the
  distance is greater and might be 10 hosts or more.","A combination of the protocols ICMP and TCP is used
  to determine the route. This method is applicable for IPv4 only and it is also known as
  'traceroute'.
Details:
Traceroute
(OID: 1.3.6.1.4.1.25623.1.0.51662)
Version used: 2022-10-17T11:13:19Z
","","","",""
172.20.0.2,,80,tcp,0.0,Log,80,"","Web Application Scanning Consolidation / Info Reporting","The script consolidates and reports various information for web
  application (formerly called 'CGI') scanning.

  This information is based on the following scripts / settings:

  - HTTP-Version Detection (OID: 1.3.6.1.4.1.25623.1.0.100034)

  - No 404 check (OID: 1.3.6.1.4.1.25623.1.0.10386)

  - Web mirroring / webmirror.nasl (OID: 1.3.6.1.4.1.25623.1.0.10662)

  - Directory Scanner / DDI_Directory_Scanner.nasl (OID: 1.3.6.1.4.1.25623.1.0.11032)

  - The configured 'cgi_path' within the 'Scanner Preferences' of the scan config in use

  - The configured 'Enable CGI scanning', 'Enable generic web application scanning' and
  'Add historic /scripts and /cgi-bin to directories for CGI scanning' within the
  'Global variable settings' of the scan config in use

  If you think any of this information is wrong please report it to the referenced community
  forum.","The Hostname/IP ""172.20.0.2"" was used to access the remote host.

Generic web application scanning is disabled for this host via the ""Enable generic web application scanning"" option within the ""Global variable settings"" of the scan config in use.

Requests to this service are done via HTTP/1.1.

This service seems to be able to host PHP scripts.

This service seems to be able to host ASP scripts.

The User-Agent ""Mozilla/5.0 [en] (X11, U; OpenVAS-VT <version replaced>)"" was used to access the remote host.

Historic /scripts and /cgi-bin are not added to the directories used for web application scanning. You can enable this again with the ""Add historic /scripts and /cgi-bin to directories for CGI scanning"" option within the ""Global variable settings"" of the scan config in use.

A possible recursion was detected during web application scanning:

The service is using a relative URL in one or more HTML references where e.g. /file1.html contains <a href=""subdir/file2.html""> and a subsequent request for subdir/file2.html is linking to subdir/file2.html. This would resolves to subdir/subdir/file2.html causing a recursion. To work around this counter-measures have been enabled but the service should be fixed as well to not use such problematic links. Below an excerpt of URLs is shown to help identify those issues.

Syntax : URL (HTML link)

http://172.20.0.2/external/phpids/0.6/docs/phpdocumentor/blank.html (media/stylesheet.css)
http://172.20.0.2/external/phpids/0.6/docs/phpdocumentor/classtrees_PHPIDS.html (media/stylesheet.css)
http://172.20.0.2/external/phpids/0.6/docs/phpdocumentor/elementindex_PHPIDS.html (PHPIDS/IDS_Caching.html)
http://172.20.0.2/external/phpids/0.6/docs/phpdocumentor/elementindex_PHPIDS.html (PHPIDS/IDS_Caching_Database.html)
http://172.20.0.2/external/phpids/0.6/docs/phpdocumentor/elementindex_PHPIDS.html (PHPIDS/IDS_Caching_File.html)

The following directories were used for web application scanning:

http://172.20.0.2/
http://172.20.0.2/config
http://172.20.0.2/docs
http://172.20.0.2/docs/docs
http://172.20.0.2/dvwa
http://172.20.0.2/dvwa/includes
http://172.20.0.2/dvwa/includes/DBMS
http://172.20.0.2/external
http://172.20.0.2/external/phpids
http://172.20.0.2/external/phpids/0.6
http://172.20.0.2/external/phpids/0.6/docs
http://172.20.0.2/external/phpids/0.6/docs/examples
http://172.20.0.2/external/phpids/0.6/docs/examples/cakephp
http://172.20.0.2/external/phpids/0.6/docs/phpdocumentor
http://172.20.0.2/external/phpids/0.6/docs/phpdocumentor/PHPIDS
http://172.20.0.2/external/phpids/0.6/docs/phpdocumentor/media
http://172.20.0.2/external/phpids/0.6/lib
http://172.20.0.2/external/phpids/0.6/lib/IDS
http://172.20.0.2/external/phpids/0.6/lib/IDS/Caching
http://172.20.0.2/external/phpids/0.6/lib/IDS/Config
http://172.20.0.2/external/phpids/0.6/lib/IDS/Filter
http://172.20.0.2/external/phpids/0.6/lib/IDS/Log
http://172.20.0.2/external/phpids/0.6/lib/IDS/tmp
http://172.20.0.2/external/phpids/0.6/lib/IDS/vendors
http://172.20.0.2/external/phpids/0.6/lib/IDS/vendors/htmlpurifier
http://172.20.0.2/external/phpids/0.6/tests
http://172.20.0.2/external/phpids/0.6/tests/coverage
http://172.20.0.2/external/recaptcha

While this is not, in and of itself, a bug, you should manually inspect these directories to ensure that they are in compliance with company security standards

The following directories were excluded from web application scanning because the ""Regex pattern to exclude directories from CGI scanning"" setting of the VT ""Global variable settings"" (OID: 1.3.6.1.4.1.25623.1.0.12288) for this scan was: ""/(index\.php|image|img|css|js$|js/|javascript|style|theme|icon|jquery|graphic|grafik|picture|bilder|thumbnail|media/|skins?/)""

http://172.20.0.2/dvwa/css
http://172.20.0.2/dvwa/images
http://172.20.0.2/dvwa/js
http://172.20.0.2/icons

Directory listing/indexing found at:

http://172.20.0.2/config/
http://172.20.0.2/docs/
http://172.20.0.2/dvwa/
http://172.20.0.2/dvwa/css/
http://172.20.0.2/dvwa/images/
http://172.20.0.2/dvwa/includes/
http://172.20.0.2/dvwa/includes/DBMS/
http://172.20.0.2/dvwa/js/
http://172.20.0.2/external/
http://172.20.0.2/external/phpids/
http://172.20.0.2/external/phpids/0.6/
http://172.20.0.2/external/phpids/0.6/docs/
http://172.20.0.2/external/phpids/0.6/docs/examples/
http://172.20.0.2/external/phpids/0.6/docs/examples/cakephp/
http://172.20.0.2/external/phpids/0.6/docs/phpdocumentor/media/
http://172.20.0.2/external/phpids/0.6/lib/
http://172.20.0.2/external/phpids/0.6/lib/IDS/
http://172.20.0.2/external/phpids/0.6/lib/IDS/Caching/
http://172.20.0.2/external/phpids/0.6/lib/IDS/Config/
http://172.20.0.2/external/phpids/0.6/lib/IDS/Filter/
http://172.20.0.2/external/phpids/0.6/lib/IDS/Log/
http://172.20.0.2/external/phpids/0.6/lib/IDS/tmp/
http://172.20.0.2/external/phpids/0.6/lib/IDS/vendors/
http://172.20.0.2/external/phpids/0.6/tests/
http://172.20.0.2/external/recaptcha/

The ""Number of pages to mirror"" setting (Current: 200) of the VT ""Web mirroring"" (OID: 1.3.6.1.4.1.25623.1.0.10662) was reached. Raising this limit allows to mirror this host more thoroughly but might increase the scanning time.

The following CGIs were discovered:

Syntax : cginame (arguments [default value])

http://172.20.0.2/config/ (C=S;O [A] C=N;O [D] C=M;O [A] C=D;O [A] )
http://172.20.0.2/docs/ (C=S;O [A] C=N;O [D] C=M;O [A] C=D;O [A] )
http://172.20.0.2/dvwa/ (C=S;O [A] C=N;O [D] C=M;O [A] C=D;O [A] )
http://172.20.0.2/dvwa/css/ (C=S;O [A] C=N;O [D] C=M;O [A] C=D;O [A] )
http://172.20.0.2/dvwa/images/ (C=S;O [A] C=N;O [D] C=M;O [A] C=D;O [A] )
http://172.20.0.2/dvwa/includes/ (C=S;O [A] C=N;O [D] C=M;O [A] C=D;O [A] )
http://172.20.0.2/dvwa/includes/DBMS/ (C=S;O [A] C=N;O [D] C=M;O [A] C=D;O [A] )
http://172.20.0.2/dvwa/js/ (C=S;O [A] C=N;O [D] C=M;O [A] C=D;O [A] )
http://172.20.0.2/external/ (C=S;O [A] C=N;O [D] C=M;O [A] C=D;O [A] )
http://172.20.0.2/external/phpids/ (C=S;O [A] C=N;O [D] C=M;O [A] C=D;O [A] )
http://172.20.0.2/external/phpids/0.6/ (C=S;O [A] C=N;O [D] C=M;O [A] C=D;O [A] )
http://172.20.0.2/external/phpids/0.6/docs/ (C=S;O [A] C=N;O [D] C=M;O [A] C=D;O [A] )
http://172.20.0.2/external/phpids/0.6/docs/examples/ (C=S;O [A] C=N;O [D] C=M;O [A] C=D;O [A] test [%22><script>eval(window.name)</script>] )
http://172.20.0.2/external/phpids/0.6/docs/examples/cakephp/ (C=S;O [A] C=N;O [D] C=M;O [A] C=D;O [A] )
http://172.20.0.2/external/phpids/0.6/docs/phpdocumentor/PHPIDS/ (C=S;O [A] C=N;O [D] C=M;O [A] C=D;O [A] )
http://172.20.0.2/external/phpids/0.6/docs/phpdocumentor/media/ (C=S;O [A] C=N;O [D] C=M;O [A] C=D;O [A] )
http://172.20.0.2/external/phpids/0.6/lib/ (C=S;O [A] C=N;O [D] C=M;O [A] C=D;O [A] )
http://172.20.0.2/external/phpids/0.6/lib/IDS/ (C=S;O [A] C=N;O [D] C=M;O [A] C=D;O [A] )
http://172.20.0.2/external/phpids/0.6/lib/IDS/Caching/ (C=S;O [A] C=N;O [D] C=M;O [A] C=D;O [A] )
http://172.20.0.2/external/phpids/0.6/lib/IDS/Config/ (C=S;O [A] C=N;O [D] C=M;O [A] C=D;O [A] )
http://172.20.0.2/external/phpids/0.6/lib/IDS/Filter/ (C=S;O [A] C=N;O [D] C=M;O [A] C=D;O [A] )
http://172.20.0.2/external/phpids/0.6/lib/IDS/Log/ (C=S;O [A] C=N;O [D] C=M;O [A] C=D;O [A] )
http://172.20.0.2/external/phpids/0.6/lib/IDS/tmp/ (C=S;O [A] C=N;O [D] C=M;O [A] C=D;O [A] )
http://172.20.0.2/external/phpids/0.6/lib/IDS/vendors/ (C=S;O [A] C=N;O [D] C=M;O [A] C=D;O [A] )
http://172.20.0.2/external/phpids/0.6/tests/ (C=S;O [A] C=N;O [D] C=M;O [A] C=D;O [A] )
http://172.20.0.2/external/recaptcha/ (C=S;O [A] C=N;O [D] C=M;O [A] C=D;O [A] )
http://172.20.0.2/login.php (username [] password [] Login [Login] user_token [***replaced***] )
",1.3.6.1.4.1.25623.1.0.111038,"",f17ad8c4-2e80-4091-a93d-0e8f7a384588,"SI084-S03 Escaneo audit_net v2 (Full and fast, Consider Alive)",2026-09-03T01:59:16Z,20e00323-65a0-43ce-9eae-32113c4a6c2c,"","","","","
Details:
Web Application Scanning Consolidation / Info Reporting
(OID: 1.3.6.1.4.1.25623.1.0.111038)
Version used: 2026-02-24T05:57:09Z
","","","",""
172.20.0.3,,3000,tcp,0.0,Log,80,"","Web Application Scanning Consolidation / Info Reporting","The script consolidates and reports various information for web
  application (formerly called 'CGI') scanning.

  This information is based on the following scripts / settings:

  - HTTP-Version Detection (OID: 1.3.6.1.4.1.25623.1.0.100034)

  - No 404 check (OID: 1.3.6.1.4.1.25623.1.0.10386)

  - Web mirroring / webmirror.nasl (OID: 1.3.6.1.4.1.25623.1.0.10662)

  - Directory Scanner / DDI_Directory_Scanner.nasl (OID: 1.3.6.1.4.1.25623.1.0.11032)

  - The configured 'cgi_path' within the 'Scanner Preferences' of the scan config in use

  - The configured 'Enable CGI scanning', 'Enable generic web application scanning' and
  'Add historic /scripts and /cgi-bin to directories for CGI scanning' within the
  'Global variable settings' of the scan config in use

  If you think any of this information is wrong please report it to the referenced community
  forum.","The Hostname/IP ""172.20.0.3"" was used to access the remote host.

Generic web application scanning is disabled for this host via the ""Enable generic web application scanning"" option within the ""Global variable settings"" of the scan config in use.

The service is responding with a 200 HTTP status code to non-existent files/urls. The following pattern is used to work around possible false detections:
-----
404
-----

Requests to this service are done via HTTP/1.1.

This service seems to be able to host PHP scripts.

This service seems to be able to host ASP scripts.

The User-Agent ""Mozilla/5.0 [en] (X11, U; OpenVAS-VT <version replaced>)"" was used to access the remote host.

Historic /scripts and /cgi-bin are not added to the directories used for web application scanning. You can enable this again with the ""Add historic /scripts and /cgi-bin to directories for CGI scanning"" option within the ""Global variable settings"" of the scan config in use.

The following directories were used for web application scanning:

http://172.20.0.3:3000/
http://172.20.0.3:3000/.well-known
http://172.20.0.3:3000/.well-known/csaf
http://172.20.0.3:3000/ftp
http://172.20.0.3:3000/ftp/quarantine
http://172.20.0.3:3000/video

While this is not, in and of itself, a bug, you should manually inspect these directories to ensure that they are in compliance with company security standards
",1.3.6.1.4.1.25623.1.0.111038,"",f17ad8c4-2e80-4091-a93d-0e8f7a384588,"SI084-S03 Escaneo audit_net v2 (Full and fast, Consider Alive)",2026-09-03T01:59:16Z,a5642a99-55e5-4ef2-9401-9c00386e40db,"","","","","
Details:
Web Application Scanning Consolidation / Info Reporting
(OID: 1.3.6.1.4.1.25623.1.0.111038)
Version used: 2026-02-24T05:57:09Z
","","","",""
172.20.0.5,,80,tcp,0.0,Log,80,"","Web Application Scanning Consolidation / Info Reporting","The script consolidates and reports various information for web
  application (formerly called 'CGI') scanning.

  This information is based on the following scripts / settings:

  - HTTP-Version Detection (OID: 1.3.6.1.4.1.25623.1.0.100034)

  - No 404 check (OID: 1.3.6.1.4.1.25623.1.0.10386)

  - Web mirroring / webmirror.nasl (OID: 1.3.6.1.4.1.25623.1.0.10662)

  - Directory Scanner / DDI_Directory_Scanner.nasl (OID: 1.3.6.1.4.1.25623.1.0.11032)

  - The configured 'cgi_path' within the 'Scanner Preferences' of the scan config in use

  - The configured 'Enable CGI scanning', 'Enable generic web application scanning' and
  'Add historic /scripts and /cgi-bin to directories for CGI scanning' within the
  'Global variable settings' of the scan config in use

  If you think any of this information is wrong please report it to the referenced community
  forum.","The Hostname/IP ""172.20.0.5"" was used to access the remote host.

Generic web application scanning is disabled for this host via the ""Enable generic web application scanning"" option within the ""Global variable settings"" of the scan config in use.

Requests to this service are done via HTTP/1.1.

This service seems to be able to host PHP scripts.

This service seems to be able to host ASP scripts.

The User-Agent ""Mozilla/5.0 [en] (X11, U; OpenVAS-VT <version replaced>)"" was used to access the remote host.

Historic /scripts and /cgi-bin are not added to the directories used for web application scanning. You can enable this again with the ""Add historic /scripts and /cgi-bin to directories for CGI scanning"" option within the ""Global variable settings"" of the scan config in use.

The following directories were used for web application scanning:

http://172.20.0.5/
http://172.20.0.5/docs
http://172.20.0.5/status

While this is not, in and of itself, a bug, you should manually inspect these directories to ensure that they are in compliance with company security standards

Directory listing/indexing found at:

http://172.20.0.5/docs/
",1.3.6.1.4.1.25623.1.0.111038,"",f17ad8c4-2e80-4091-a93d-0e8f7a384588,"SI084-S03 Escaneo audit_net v2 (Full and fast, Consider Alive)",2026-09-03T01:59:16Z,79fa5df4-a220-4eef-a249-58f33d7d7e43,"","","","","
Details:
Web Application Scanning Consolidation / Info Reporting
(OID: 1.3.6.1.4.1.25623.1.0.111038)
Version used: 2026-02-24T05:57:09Z
","","","",""
